src_chunk_id,dst_chunk_id,cosine
T_00001,T_00620,0.8108
T_00001,T_00618,0.4905
T_00001,T_00002,0.4905
T_00001,T_00617,0.4772
T_00001,T_00619,0.4423
T_00002,T_00618,1.0000
T_00002,T_00001,0.4905
T_00002,T_00617,0.4783
T_00002,T_00619,0.4491
T_00002,T_00003,0.4310
T_00003,T_00619,0.7147
T_00003,T_00004,0.5365
T_00003,T_00002,0.4310
T_00003,T_00618,0.4310
T_00004,T_00003,0.5365
T_00004,T_00005,0.3773
T_00005,T_00004,0.3773
T_00005,T_00006,0.3116
T_00006,T_00007,0.3463
T_00006,T_00005,0.3116
T_00007,T_00006,0.3463
T_00007,T_00008,0.3348
T_00008,T_00009,0.5003
T_00008,T_00007,0.3348
T_00008,T_00010,0.3045
T_00009,T_00008,0.5003
T_00009,T_00010,0.4169
T_00010,T_00009,0.4169
T_00010,T_00011,0.3538
T_00010,T_00008,0.3045
T_00011,T_00010,0.3538
T_00011,T_00012,0.2905
T_00012,T_00013,0.5249
T_00012,T_00011,0.2905
T_00013,T_00012,0.5249
T_00013,T_00014,0.4383
T_00014,T_00015,0.4781
T_00014,T_00013,0.4383
T_00015,T_00014,0.4781
T_00015,T_00016,0.4474
T_00016,T_00017,0.4894
T_00016,T_00015,0.4474
T_00016,T_00018,0.3095
T_00016,T_00019,0.2716
T_00017,T_00016,0.4894
T_00017,T_00018,0.4786
T_00017,T_00021,0.2598
T_00018,T_00019,0.4990
T_00018,T_00017,0.4786
T_00018,T_00016,0.3095
T_00018,T_00020,0.3004
T_00019,T_00020,0.5262
T_00019,T_00018,0.4990
T_00019,T_00016,0.2716
T_00020,T_00021,0.5265
T_00020,T_00019,0.5262
T_00020,T_00018,0.3004
T_00021,T_00022,0.5923
T_00021,T_00020,0.5265
T_00021,T_00017,0.2598
T_00022,T_00021,0.5923
T_00022,T_00023,0.3539
T_00022,T_00024,0.2609
T_00022,T_00462,0.2607
T_00023,T_00024,0.3844
T_00023,T_00022,0.3539
T_00023,T_00025,0.2627
T_00024,T_00444,0.4382
T_00024,T_00023,0.3844
T_00024,T_00450,0.3660
T_00024,T_00025,0.3514
T_00024,T_00022,0.2609
T_00025,T_00026,0.5426
T_00025,T_00024,0.3514
T_00025,T_00023,0.2627
T_00026,T_00025,0.5426
T_00026,T_00027,0.3301
T_00027,T_00026,0.3301
T_00027,T_00028,0.2900
T_00028,T_00029,0.6327
T_00028,T_00027,0.2900
T_00029,T_00028,0.6327
T_00029,T_00030,0.4918
T_00030,T_00031,0.5314
T_00030,T_00029,0.4918
T_00031,T_00032,0.5879
T_00031,T_00030,0.5314
T_00031,T_00033,0.2846
T_00032,T_00033,0.6568
T_00032,T_00031,0.5879
T_00033,T_00032,0.6568
T_00033,T_00031,0.2846
T_00033,T_00034,0.2626
T_00034,T_00035,0.5931
T_00034,T_00036,0.2813
T_00034,T_00033,0.2626
T_00035,T_00036,0.6009
T_00035,T_00034,0.5931
T_00035,T_00037,0.2542
T_00036,T_00035,0.6009
T_00036,T_00037,0.4784
T_00036,T_00034,0.2813
T_00037,T_00038,0.6338
T_00037,T_00036,0.4784
T_00037,T_00039,0.2957
T_00037,T_00035,0.2542
T_00038,T_00039,0.6362
T_00038,T_00037,0.6338
T_00038,T_00040,0.2844
T_00039,T_00038,0.6362
T_00039,T_00040,0.5895
T_00039,T_00037,0.2957
T_00040,T_00039,0.5895
T_00040,T_00041,0.4873
T_00040,T_00038,0.2844
T_00041,T_00040,0.4873
T_00041,T_00042,0.4616
T_00042,T_00043,0.6358
T_00042,T_00041,0.4616
T_00043,T_00042,0.6358
T_00043,T_00044,0.4627
T_00044,T_00045,0.6533
T_00044,T_00043,0.4627
T_00044,T_00046,0.3925
T_00045,T_00044,0.6533
T_00045,T_00046,0.6150
T_00046,T_00045,0.6150
T_00046,T_00047,0.4350
T_00046,T_00044,0.3925
T_00047,T_00048,0.5058
T_00047,T_00046,0.4350
T_00048,T_00049,0.5245
T_00048,T_00047,0.5058
T_00048,T_00050,0.2646
T_00049,T_00048,0.5245
T_00049,T_00050,0.5061
T_00050,T_00049,0.5061
T_00050,T_00051,0.4813
T_00050,T_00048,0.2646
T_00051,T_00052,0.5697
T_00051,T_00050,0.4813
T_00051,T_00053,0.3741
T_00051,T_00054,0.3646
T_00052,T_00051,0.5697
T_00052,T_00053,0.5536
T_00052,T_00054,0.3428
T_00053,T_00054,0.6311
T_00053,T_00052,0.5536
T_00053,T_00051,0.3741
T_00054,T_00053,0.6311
T_00054,T_00051,0.3646
T_00054,T_00052,0.3428
T_00054,T_00055,0.3340
T_00055,T_00056,0.5288
T_00055,T_00370,0.3517
T_00055,T_00054,0.3340
T_00055,T_00584,0.3190
T_00055,T_00369,0.2578
T_00056,T_00057,0.6025
T_00056,T_00055,0.5288
T_00056,T_00370,0.4946
T_00056,T_00369,0.2869
T_00057,T_00056,0.6025
T_00057,T_00058,0.3598
T_00058,T_00059,0.4705
T_00058,T_00057,0.3598
T_00059,T_00058,0.4705
T_00059,T_00060,0.3934
T_00060,T_00059,0.3934
T_00060,T_00061,0.3245
T_00061,T_00062,0.3551
T_00061,T_00060,0.3245
T_00062,T_00061,0.3551
T_00063,T_00064,0.2600
T_00064,T_00065,0.5711
T_00064,T_00066,0.3301
T_00064,T_00063,0.2600
T_00065,T_00064,0.5711
T_00065,T_00066,0.5534
T_00066,T_00065,0.5534
T_00066,T_00067,0.5489
T_00066,T_00064,0.3301
T_00067,T_00066,0.5489
T_00067,T_00068,0.4511
T_00068,T_00069,0.4906
T_00068,T_00067,0.4511
T_00069,T_00068,0.4906
T_00069,T_00070,0.4326
T_00070,T_00071,0.4755
T_00070,T_00069,0.4326
T_00071,T_00070,0.4755
T_00071,T_00072,0.3370
T_00072,T_00073,0.5465
T_00072,T_00071,0.3370
T_00073,T_00072,0.5465
T_00073,T_00074,0.4513
T_00074,T_00075,0.4527
T_00074,T_00073,0.4513
T_00075,T_00076,0.5225
T_00075,T_00074,0.4527
T_00076,T_00075,0.5225
T_00076,T_00077,0.3135
T_00077,T_00078,0.5015
T_00077,T_00076,0.3135
T_00078,T_00079,0.6624
T_00078,T_00077,0.5015
T_00078,T_00080,0.3060
T_00079,T_00078,0.6624
T_00079,T_00080,0.5583
T_00079,T_00081,0.2595
T_00080,T_00079,0.5583
T_00080,T_00081,0.5497
T_00080,T_00078,0.3060
T_00081,T_00080,0.5497
T_00081,T_00082,0.2659
T_00081,T_00079,0.2595
T_00082,T_00083,0.5139
T_00082,T_00081,0.2659
T_00083,T_00084,0.5190
T_00083,T_00082,0.5139
T_00083,T_00085,0.2906
T_00083,T_00086,0.2571
T_00084,T_00085,0.6112
T_00084,T_00083,0.5190
T_00085,T_00084,0.6112
T_00085,T_00086,0.4599
T_00085,T_00083,0.2906
T_00085,T_00093,0.2844
T_00086,T_00087,0.4719
T_00086,T_00085,0.4599
T_00086,T_00093,0.3169
T_00086,T_00090,0.2734
T_00086,T_00083,0.2571
T_00087,T_00088,0.6137
T_00087,T_00086,0.4719
T_00087,T_00091,0.3539
T_00087,T_00094,0.3331
T_00087,T_00090,0.3287
T_00088,T_00087,0.6137
T_00088,T_00089,0.4341
T_00088,T_00094,0.3358
T_00088,T_00095,0.3237
T_00089,T_00090,0.4867
T_00089,T_00088,0.4341
T_00089,T_00087,0.2728
T_00090,T_00091,0.6807
T_00090,T_00089,0.4867
T_00090,T_00092,0.3454
T_00090,T_00087,0.3287
T_00090,T_00094,0.3093
T_00091,T_00090,0.6807
T_00091,T_00092,0.6517
T_00091,T_00087,0.3539
T_00091,T_00094,0.3452
T_00091,T_00095,0.3143
T_00092,T_00091,0.6517
T_00092,T_00093,0.5360
T_00092,T_00090,0.3454
T_00092,T_00094,0.2945
T_00092,T_00095,0.2802
T_00093,T_00092,0.5360
T_00093,T_00094,0.5273
T_00093,T_00095,0.3622
T_00093,T_00086,0.3169
T_00093,T_00091,0.3003
T_00094,T_00095,0.6199
T_00094,T_00093,0.5273
T_00094,T_00091,0.3452
T_00094,T_00088,0.3358
T_00094,T_00087,0.3331
T_00095,T_00094,0.6199
T_00095,T_00096,0.5217
T_00095,T_00093,0.3622
T_00095,T_00088,0.3237
T_00095,T_00091,0.3143
T_00096,T_00095,0.5217
T_00096,T_00097,0.4241
T_00096,T_00093,0.2589
T_00097,T_00098,0.6924
T_00097,T_00096,0.4241
T_00098,T_00097,0.6924
T_00098,T_00099,0.3248
T_00099,T_00100,0.4268
T_00099,T_00098,0.3248
T_00100,T_00101,0.5868
T_00100,T_00099,0.4268
T_00100,T_00102,0.3370
T_00100,T_00103,0.2580
T_00101,T_00102,0.6127
T_00101,T_00100,0.5868
T_00102,T_00101,0.6127
T_00102,T_00103,0.4893
T_00102,T_00100,0.3370
T_00103,T_00102,0.4893
T_00103,T_00104,0.4090
T_00103,T_00100,0.2580
T_00104,T_00105,0.4242
T_00104,T_00103,0.4090
T_00104,T_00106,0.2512
T_00105,T_00106,0.5807
T_00105,T_00104,0.4242
T_00105,T_00107,0.3347
T_00105,T_00108,0.2917
T_00106,T_00107,0.5872
T_00106,T_00105,0.5807
T_00106,T_00108,0.3350
T_00106,T_00104,0.2512
T_00107,T_00108,0.6433
T_00107,T_00106,0.5872
T_00107,T_00105,0.3347
T_00108,T_00107,0.6433
T_00108,T_00109,0.4488
T_00108,T_00106,0.3350
T_00108,T_00105,0.2917
T_00109,T_00110,0.5411
T_00109,T_00108,0.4488
T_00109,T_00113,0.2758
T_00110,T_00111,0.5548
T_00110,T_00109,0.5411
T_00110,T_00113,0.3546
T_00110,T_00112,0.3286
T_00111,T_00112,0.5920
T_00111,T_00110,0.5548
T_00112,T_00111,0.5920
T_00112,T_00113,0.5530
T_00112,T_00110,0.3286
T_00113,T_00112,0.5530
T_00113,T_00114,0.4791
T_00113,T_00110,0.3546
T_00113,T_00109,0.2758
T_00114,T_00113,0.4791
T_00114,T_00115,0.4151
T_00115,T_00116,0.5868
T_00115,T_00114,0.4151
T_00115,T_00117,0.2701
T_00116,T_00117,0.6072
T_00116,T_00115,0.5868
T_00116,T_00118,0.2827
T_00117,T_00116,0.6072
T_00117,T_00118,0.5031
T_00117,T_00115,0.2701
T_00118,T_00117,0.5031
T_00118,T_00119,0.4023
T_00118,T_00116,0.2827
T_00119,T_00120,0.4553
T_00119,T_00118,0.4023
T_00120,T_00119,0.4553
T_00120,T_00121,0.4087
T_00121,T_00122,0.5420
T_00121,T_00120,0.4087
T_00121,T_00126,0.2626
T_00121,T_00125,0.2510
T_00122,T_00121,0.5420
T_00122,T_00123,0.5061
T_00123,T_00122,0.5061
T_00123,T_00124,0.4762
T_00124,T_00125,0.4983
T_00124,T_00123,0.4762
T_00124,T_00126,0.2900
T_00125,T_00126,0.6608
T_00125,T_00124,0.4983
T_00125,T_00121,0.2510
T_00126,T_00125,0.6608
T_00126,T_00127,0.4099
T_00126,T_00124,0.2900
T_00126,T_00121,0.2626
T_00127,T_00128,0.4610
T_00127,T_00126,0.4099
T_00128,T_00129,0.5289
T_00128,T_00127,0.4610
T_00129,T_00128,0.5289
T_00129,T_00130,0.4596
T_00130,T_00131,0.4685
T_00130,T_00129,0.4596
T_00131,T_00130,0.4685
T_00131,T_00132,0.3590
T_00132,T_00133,0.3824
T_00132,T_00131,0.3590
T_00133,T_00134,0.4568
T_00133,T_00132,0.3824
T_00134,T_00133,0.4568
T_00134,T_00135,0.4057
T_00135,T_00136,0.4477
T_00135,T_00134,0.4057
T_00136,T_00135,0.4477
T_00136,T_00137,0.4017
T_00137,T_00138,0.5465
T_00137,T_00136,0.4017
T_00137,T_00141,0.3773
T_00137,T_00140,0.3569
T_00137,T_00142,0.3130
T_00138,T_00137,0.5465
T_00138,T_00139,0.5158
T_00138,T_00140,0.2590
T_00139,T_00138,0.5158
T_00139,T_00140,0.4898
T_00139,T_00137,0.2665
T_00139,T_00141,0.2549
T_00140,T_00141,0.5594
T_00140,T_00139,0.4898
T_00140,T_00137,0.3569
T_00140,T_00142,0.2956
T_00140,T_00143,0.2781
T_00141,T_00142,0.6409
T_00141,T_00140,0.5594
T_00141,T_00143,0.4376
T_00141,T_00137,0.3773
T_00141,T_00139,0.2549
T_00142,T_00143,0.7485
T_00142,T_00141,0.6409
T_00142,T_00137,0.3130
T_00142,T_00140,0.2956
T_00143,T_00142,0.7485
T_00143,T_00144,0.4660
T_00143,T_00141,0.4376
T_00143,T_00140,0.2781
T_00144,T_00143,0.4660
T_00144,T_00145,0.4648
T_00145,T_00146,0.5057
T_00145,T_00144,0.4648
T_00146,T_00145,0.5057
T_00146,T_00147,0.5008
T_00147,T_00146,0.5008
T_00147,T_00148,0.3387
T_00148,T_00149,0.4432
T_00148,T_00147,0.3387
T_00148,T_00150,0.2898
T_00148,T_00151,0.2883
T_00149,T_00150,0.5541
T_00149,T_00148,0.4432
T_00150,T_00149,0.5541
T_00150,T_00151,0.4337
T_00150,T_00148,0.2898
T_00151,T_00150,0.4337
T_00151,T_00152,0.3882
T_00151,T_00148,0.2883
T_00152,T_00153,0.4590
T_00152,T_00151,0.3882
T_00153,T_00154,0.5062
T_00153,T_00152,0.4590
T_00154,T_00153,0.5062
T_00154,T_00155,0.4062
T_00155,T_00156,0.4785
T_00155,T_00154,0.4062
T_00156,T_00155,0.4785
T_00156,T_00157,0.3944
T_00157,T_00158,0.5473
T_00157,T_00156,0.3944
T_00158,T_00157,0.5473
T_00158,T_00159,0.3983
T_00159,T_00160,0.4963
T_00159,T_00158,0.3983
T_00160,T_00161,0.6031
T_00160,T_00159,0.4963
T_00160,T_00162,0.4642
T_00161,T_00162,0.8052
T_00161,T_00160,0.6031
T_00161,T_00163,0.2796
T_00162,T_00161,0.8052
T_00162,T_00160,0.4642
T_00162,T_00163,0.4301
T_00163,T_00164,0.5176
T_00163,T_00162,0.4301
T_00163,T_00161,0.2796
T_00164,T_00163,0.5176
T_00164,T_00165,0.4770
T_00165,T_00164,0.4770
T_00165,T_00166,0.4126
T_00166,T_00167,0.4949
T_00166,T_00165,0.4126
T_00167,T_00166,0.4949
T_00168,T_00169,0.5879
T_00169,T_00168,0.5879
T_00169,T_00170,0.2763
T_00170,T_00171,0.4844
T_00170,T_00169,0.2763
T_00171,T_00170,0.4844
T_00171,T_00172,0.4122
T_00172,T_00173,0.5897
T_00172,T_00171,0.4122
T_00173,T_00172,0.5897
T_00173,T_00174,0.5203
T_00173,T_00235,0.2619
T_00173,T_00460,0.2506
T_00173,T_00253,0.2500
T_00174,T_00173,0.5203
T_00174,T_00175,0.4233
T_00175,T_00176,0.5775
T_00175,T_00174,0.4233
T_00176,T_00175,0.5775
T_00176,T_00177,0.4226
T_00177,T_00178,0.4824
T_00177,T_00176,0.4226
T_00178,T_00177,0.4824
T_00178,T_00179,0.4590
T_00178,T_00180,0.3165
T_00179,T_00180,0.6373
T_00179,T_00178,0.4590
T_00180,T_00179,0.6373
T_00180,T_00181,0.5300
T_00180,T_00178,0.3165
T_00181,T_00180,0.5300
T_00181,T_00182,0.4355
T_00182,T_00183,0.4692
T_00182,T_00181,0.4355
T_00183,T_00184,0.5715
T_00183,T_00182,0.4692
T_00184,T_00183,0.5715
T_00184,T_00185,0.4895
T_00185,T_00184,0.4895
T_00185,T_00186,0.3783
T_00186,T_00187,0.5090
T_00186,T_00185,0.3783
T_00186,T_00280,0.3759
T_00186,T_00480,0.3154
T_00186,T_00481,0.2907
T_00187,T_00188,0.5641
T_00187,T_00186,0.5090
T_00187,T_00195,0.2876
T_00188,T_00187,0.5641
T_00188,T_00189,0.5411
T_00188,T_00195,0.3457
T_00188,T_00190,0.3111
T_00188,T_00194,0.2669
T_00189,T_00190,0.5978
T_00189,T_00188,0.5411
T_00189,T_00191,0.2937
T_00190,T_00189,0.5978
T_00190,T_00191,0.5221
T_00190,T_00188,0.3111
T_00191,T_00190,0.5221
T_00191,T_00192,0.5213
T_00191,T_00189,0.2937
T_00192,T_00191,0.5213
T_00192,T_00193,0.4585
T_00193,T_00194,0.6555
T_00193,T_00192,0.4585
T_00194,T_00193,0.6555
T_00194,T_00195,0.4719
T_00194,T_00188,0.2669
T_00195,T_00194,0.4719
T_00195,T_00196,0.4327
T_00195,T_00188,0.3457
T_00195,T_00187,0.2876
T_00196,T_00195,0.4327
T_00196,T_00197,0.3700
T_00196,T_00321,0.2587
T_00197,T_00198,0.5053
T_00197,T_00196,0.3700
T_00197,T_00322,0.3206
T_00197,T_00323,0.2624
T_00197,T_00320,0.2546
T_00198,T_00197,0.5053
T_00198,T_00199,0.3806
T_00199,T_00200,0.3922
T_00199,T_00198,0.3806
T_00200,T_00201,0.5323
T_00200,T_00199,0.3922
T_00201,T_00200,0.5323
T_00201,T_00202,0.4426
T_00202,T_00203,0.5235
T_00202,T_00201,0.4426
T_00203,T_00202,0.5235
T_00203,T_00208,0.3264
T_00203,T_00209,0.3063
T_00203,T_00204,0.2936
T_00204,T_00205,0.6120
T_00204,T_00203,0.2936
T_00205,T_00204,0.6120
T_00205,T_00206,0.3088
T_00205,T_00208,0.2743
T_00206,T_00207,0.7132
T_00206,T_00205,0.3088
T_00207,T_00206,0.7132
T_00207,T_00208,0.4004
T_00208,T_00209,0.5977
T_00208,T_00207,0.4004
T_00208,T_00203,0.3264
T_00208,T_00205,0.2743
T_00209,T_00208,0.5977
T_00209,T_00210,0.5252
T_00209,T_00203,0.3063
T_00210,T_00209,0.5252
T_00210,T_00211,0.4727
T_00211,T_00212,0.4865
T_00211,T_00210,0.4727
T_00212,T_00213,0.6160
T_00212,T_00211,0.4865
T_00213,T_00212,0.6160
T_00213,T_00214,0.4249
T_00214,T_00215,0.5900
T_00214,T_00213,0.4249
T_00215,T_00214,0.5900
T_00215,T_00216,0.4627
T_00215,T_00218,0.3047
T_00215,T_00217,0.2949
T_00215,T_00219,0.2581
T_00216,T_00217,0.5697
T_00216,T_00215,0.4627
T_00217,T_00216,0.5697
T_00217,T_00218,0.5458
T_00217,T_00215,0.2949
T_00218,T_00217,0.5458
T_00218,T_00219,0.5080
T_00218,T_00215,0.3047
T_00219,T_00220,0.5453
T_00219,T_00218,0.5080
T_00219,T_00221,0.2584
T_00219,T_00215,0.2581
T_00220,T_00221,0.5707
T_00220,T_00219,0.5453
T_00221,T_00220,0.5707
T_00221,T_00222,0.4025
T_00221,T_00219,0.2584
T_00222,T_00223,0.5294
T_00222,T_00221,0.4025
T_00223,T_00224,0.5398
T_00223,T_00222,0.5294
T_00224,T_00223,0.5398
T_00224,T_00225,0.4329
T_00225,T_00226,0.5411
T_00225,T_00224,0.4329
T_00226,T_00225,0.5411
T_00226,T_00227,0.4748
T_00227,T_00226,0.4748
T_00227,T_00228,0.4591
T_00228,T_00229,0.4648
T_00228,T_00227,0.4591
T_00229,T_00228,0.4648
T_00229,T_00230,0.4499
T_00230,T_00231,0.4940
T_00230,T_00229,0.4499
T_00231,T_00232,0.4987
T_00231,T_00230,0.4940
T_00232,T_00231,0.4987
T_00232,T_00233,0.4470
T_00233,T_00234,0.4591
T_00233,T_00232,0.4470
T_00234,T_00233,0.4591
T_00234,T_00235,0.4508
T_00235,T_00236,0.4716
T_00235,T_00234,0.4508
T_00235,T_00173,0.2619
T_00236,T_00237,0.5108
T_00236,T_00235,0.4716
T_00237,T_00236,0.5108
T_00237,T_00238,0.4787
T_00238,T_00239,0.5274
T_00238,T_00237,0.4787
T_00238,T_00240,0.3046
T_00239,T_00240,0.6279
T_00239,T_00238,0.5274
T_00240,T_00239,0.6279
T_00240,T_00241,0.4458
T_00240,T_00238,0.3046
T_00241,T_00242,0.5213
T_00241,T_00240,0.4458
T_00242,T_00241,0.5213
T_00242,T_00243,0.4570
T_00243,T_00242,0.4570
T_00243,T_00244,0.4014
T_00244,T_00245,0.5609
T_00244,T_00243,0.4014
T_00245,T_00244,0.5609
T_00245,T_00246,0.3880
T_00246,T_00247,0.4493
T_00246,T_00245,0.3880
T_00247,T_00248,0.4836
T_00247,T_00246,0.4493
T_00248,T_00249,0.4938
T_00248,T_00247,0.4836
T_00249,T_00248,0.4938
T_00249,T_00250,0.4123
T_00250,T_00251,0.4482
T_00250,T_00249,0.4123
T_00251,T_00252,0.5438
T_00251,T_00250,0.4482
T_00252,T_00251,0.5438
T_00252,T_00253,0.5315
T_00252,T_00425,0.2964
T_00252,T_00424,0.2821
T_00252,T_00291,0.2607
T_00253,T_00252,0.5315
T_00253,T_00254,0.5203
T_00253,T_00173,0.2500
T_00254,T_00253,0.5203
T_00254,T_00255,0.5140
T_00255,T_00254,0.5140
T_00255,T_00256,0.4705
T_00256,T_00257,0.4840
T_00256,T_00255,0.4705
T_00257,T_00256,0.4840
T_00258,T_00259,0.3768
T_00259,T_00260,0.3991
T_00259,T_00258,0.3768
T_00260,T_00261,0.4163
T_00260,T_00259,0.3991
T_00261,T_00262,0.5571
T_00261,T_00260,0.4163
T_00261,T_00297,0.2887
T_00261,T_00296,0.2732
T_00262,T_00261,0.5571
T_00262,T_00263,0.4947
T_00262,T_00448,0.3031
T_00262,T_00297,0.2949
T_00262,T_00449,0.2525
T_00263,T_00262,0.4947
T_00263,T_00264,0.4516
T_00263,T_00266,0.3573
T_00263,T_00265,0.3387
T_00264,T_00265,0.7941
T_00264,T_00266,0.6058
T_00264,T_00394,0.5164
T_00264,T_00263,0.4516
T_00264,T_00393,0.3763
T_00265,T_00266,0.8354
T_00265,T_00264,0.7941
T_00265,T_00394,0.5631
T_00265,T_00393,0.4254
T_00265,T_00267,0.3445
T_00266,T_00265,0.8354
T_00266,T_00264,0.6058
T_00266,T_00267,0.5277
T_00266,T_00394,0.4984
T_00266,T_00393,0.3781
T_00267,T_00266,0.5277
T_00267,T_00268,0.4297
T_00267,T_00265,0.3445
T_00267,T_00280,0.2796
T_00267,T_00264,0.2716
T_00268,T_00269,0.4446
T_00268,T_00267,0.4297
T_00269,T_00270,0.5601
T_00269,T_00268,0.4446
T_00270,T_00269,0.5601
T_00270,T_00271,0.3904
T_00271,T_00270,0.3904
T_00271,T_00272,0.2872
T_00272,T_00273,0.7712
T_00272,T_00271,0.2872
T_00273,T_00272,0.7712
T_00274,T_00275,0.5972
T_00275,T_00274,0.5972
T_00275,T_00276,0.5589
T_00275,T_00475,0.3273
T_00275,T_00476,0.3273
T_00276,T_00275,0.5589
T_00276,T_00277,0.4605
T_00276,T_00476,0.3318
T_00276,T_00475,0.2843
T_00276,T_00279,0.2719
T_00277,T_00278,0.5819
T_00277,T_00276,0.4605
T_00277,T_00279,0.3938
T_00278,T_00279,0.6825
T_00278,T_00277,0.5819
T_00278,T_00280,0.3173
T_00278,T_00276,0.2533
T_00279,T_00278,0.6825
T_00279,T_00280,0.5576
T_00279,T_00277,0.3938
T_00279,T_00480,0.3762
T_00279,T_00478,0.3439
T_00280,T_00279,0.5576
T_00280,T_00281,0.4861
T_00280,T_00480,0.4731
T_00280,T_00481,0.3812
T_00280,T_00186,0.3759
T_00281,T_00280,0.4861
T_00281,T_00282,0.4576
T_00281,T_00480,0.2909
T_00281,T_00481,0.2522
T_00281,T_00479,0.2510
T_00282,T_00281,0.4576
T_00282,T_00283,0.4416
T_00283,T_00284,0.5840
T_00283,T_00282,0.4416
T_00283,T_00285,0.3808
T_00284,T_00283,0.5840
T_00284,T_00285,0.5766
T_00285,T_00284,0.5766
T_00285,T_00286,0.4134
T_00285,T_00283,0.3808
T_00286,T_00287,0.5052
T_00286,T_00285,0.4134
T_00286,T_00461,0.2542
T_00287,T_00286,0.5052
T_00287,T_00288,0.3715
T_00288,T_00289,0.5687
T_00288,T_00287,0.3715
T_00289,T_00288,0.5687
T_00289,T_00290,0.4571
T_00290,T_00291,0.5113
T_00290,T_00289,0.4571
T_00290,T_00292,0.2636
T_00291,T_00290,0.5113
T_00291,T_00292,0.5007
T_00291,T_00424,0.2971
T_00291,T_00425,0.2919
T_00291,T_00252,0.2607
T_00292,T_00291,0.5007
T_00292,T_00293,0.4674
T_00292,T_00290,0.2636
T_00293,T_00292,0.4674
T_00293,T_00294,0.4502
T_00294,T_00295,0.4754
T_00294,T_00293,0.4502
T_00295,T_00296,0.4889
T_00295,T_00294,0.4754
T_00296,T_00295,0.4889
T_00296,T_00297,0.4061
T_00296,T_00261,0.2732
T_00297,T_00298,0.4284
T_00297,T_00296,0.4061
T_00297,T_00262,0.2949
T_00297,T_00261,0.2887
T_00298,T_00299,0.4914
T_00298,T_00297,0.4284
T_00299,T_00300,0.5626
T_00299,T_00298,0.4914
T_00300,T_00299,0.5626
T_00300,T_00301,0.5006
T_00301,T_00302,0.5468
T_00301,T_00300,0.5006
T_00302,T_00301,0.5468
T_00302,T_00303,0.3685
T_00303,T_00304,0.5446
T_00303,T_00302,0.3685
T_00304,T_00303,0.5446
T_00304,T_00305,0.4849
T_00305,T_00304,0.4849
T_00305,T_00306,0.4603
T_00306,T_00305,0.4603
T_00306,T_00307,0.4209
T_00307,T_00308,0.5171
T_00307,T_00306,0.4209
T_00308,T_00307,0.5171
T_00308,T_00309,0.4311
T_00309,T_00310,0.4447
T_00309,T_00308,0.4311
T_00309,T_00354,0.3337
T_00309,T_00353,0.3028
T_00309,T_00355,0.2760
T_00310,T_00309,0.4447
T_00310,T_00311,0.4443
T_00311,T_00312,0.4485
T_00311,T_00310,0.4443
T_00312,T_00311,0.4485
T_00312,T_00313,0.3858
T_00313,T_00314,0.5574
T_00313,T_00312,0.3858
T_00314,T_00313,0.5574
T_00314,T_00315,0.3721
T_00315,T_00316,0.6590
T_00315,T_00314,0.3721
T_00316,T_00315,0.6590
T_00316,T_00317,0.4228
T_00316,T_00318,0.2512
T_00317,T_00318,0.4867
T_00317,T_00316,0.4228
T_00317,T_00322,0.3587
T_00317,T_00323,0.3297
T_00317,T_00324,0.3008
T_00318,T_00319,0.5886
T_00318,T_00317,0.4867
T_00318,T_00333,0.2576
T_00318,T_00316,0.2512
T_00319,T_00318,0.5886
T_00319,T_00320,0.4421
T_00319,T_00317,0.2724
T_00320,T_00321,0.4582
T_00320,T_00319,0.4421
T_00320,T_00323,0.3179
T_00320,T_00322,0.3150
T_00320,T_00324,0.2757
T_00321,T_00320,0.4582
T_00321,T_00322,0.4490
T_00321,T_00196,0.2587
T_00321,T_00197,0.2543
T_00322,T_00323,0.6432
T_00322,T_00321,0.4490
T_00322,T_00317,0.3587
T_00322,T_00324,0.3504
T_00322,T_00197,0.3206
T_00323,T_00322,0.6432
T_00323,T_00324,0.5266
T_00323,T_00329,0.3425
T_00323,T_00317,0.3297
T_00323,T_00320,0.3179
T_00324,T_00323,0.5266
T_00324,T_00325,0.4953
T_00324,T_00350,0.4543
T_00324,T_00322,0.3504
T_00324,T_00349,0.3365
T_00325,T_00324,0.4953
T_00325,T_00326,0.3841
T_00325,T_00350,0.3289
T_00325,T_00323,0.2737
T_00325,T_00317,0.2509
T_00326,T_00327,0.5125
T_00326,T_00325,0.3841
T_00327,T_00326,0.5125
T_00327,T_00328,0.4221
T_00328,T_00329,0.5237
T_00328,T_00327,0.4221
T_00329,T_00328,0.5237
T_00329,T_00330,0.4353
T_00329,T_00323,0.3425
T_00329,T_00320,0.2592
T_00330,T_00331,0.4623
T_00330,T_00329,0.4353
T_00330,T_00334,0.3278
T_00331,T_00330,0.4623
T_00331,T_00332,0.4416
T_00332,T_00333,0.6130
T_00332,T_00331,0.4416
T_00333,T_00332,0.6130
T_00333,T_00334,0.3931
T_00333,T_00318,0.2576
T_00334,T_00335,0.4307
T_00334,T_00333,0.3931
T_00334,T_00330,0.3278
T_00334,T_00417,0.3061
T_00335,T_00336,0.4955
T_00335,T_00334,0.4307
T_00336,T_00335,0.4955
T_00336,T_00337,0.4358
T_00337,T_00338,0.4604
T_00337,T_00336,0.4358
T_00338,T_00337,0.4604
T_00338,T_00339,0.3949
T_00339,T_00340,0.6137
T_00339,T_00338,0.3949
T_00339,T_00341,0.3851
T_00339,T_00342,0.3770
T_00340,T_00341,0.6991
T_00340,T_00339,0.6137
T_00340,T_00342,0.4531
T_00341,T_00340,0.6991
T_00341,T_00342,0.5451
T_00341,T_00339,0.3851
T_00342,T_00341,0.5451
T_00342,T_00340,0.4531
T_00342,T_00343,0.4448
T_00342,T_00339,0.3770
T_00343,T_00344,0.4498
T_00343,T_00342,0.4448
T_00344,T_00345,0.4612
T_00344,T_00343,0.4498
T_00345,T_00346,0.5209
T_00345,T_00344,0.4612
T_00346,T_00345,0.5209
T_00346,T_00347,0.4180
T_00347,T_00346,0.4180
T_00347,T_00348,0.4109
T_00348,T_00349,0.4928
T_00348,T_00347,0.4109
T_00349,T_00350,0.5682
T_00349,T_00348,0.4928
T_00349,T_00324,0.3365
T_00349,T_00398,0.2842
T_00349,T_00323,0.2718
T_00350,T_00349,0.5682
T_00350,T_00324,0.4543
T_00350,T_00351,0.4278
T_00350,T_00325,0.3289
T_00351,T_00350,0.4278
T_00351,T_00352,0.3607
T_00351,T_00349,0.2615
T_00352,T_00353,0.6131
T_00352,T_00354,0.3864
T_00352,T_00351,0.3607
T_00352,T_00355,0.2573
T_00352,T_00309,0.2535
T_00353,T_00352,0.6131
T_00353,T_00354,0.5697
T_00353,T_00309,0.3028
T_00354,T_00353,0.5697
T_00354,T_00355,0.5327
T_00354,T_00352,0.3864
T_00354,T_00309,0.3337
T_00355,T_00356,0.5381
T_00355,T_00354,0.5327
T_00355,T_00309,0.2760
T_00355,T_00352,0.2573
T_00356,T_00355,0.5381
T_00356,T_00357,0.4928
T_00357,T_00358,0.5198
T_00357,T_00356,0.4928
T_00358,T_00357,0.5198
T_00358,T_00359,0.3751
T_00359,T_00360,0.5530
T_00359,T_00358,0.3751
T_00360,T_00359,0.5530
T_00360,T_00361,0.4782
T_00361,T_00362,0.4978
T_00361,T_00360,0.4782
T_00362,T_00361,0.4978
T_00362,T_00363,0.4432
T_00363,T_00362,0.4432
T_00363,T_00364,0.3889
T_00364,T_00365,0.4359
T_00364,T_00363,0.3889
T_00365,T_00364,0.4359
T_00365,T_00366,0.4104
T_00366,T_00367,0.6533
T_00366,T_00365,0.4104
T_00366,T_00379,0.2612
T_00367,T_00366,0.6533
T_00367,T_00368,0.4917
T_00367,T_00392,0.2639
T_00367,T_00379,0.2582
T_00368,T_00367,0.4917
T_00368,T_00369,0.4393
T_00369,T_00370,0.6530
T_00369,T_00368,0.4393
T_00369,T_00371,0.3010
T_00369,T_00056,0.2869
T_00369,T_00055,0.2578
T_00370,T_00369,0.6530
T_00370,T_00056,0.4946
T_00370,T_00371,0.4934
T_00370,T_00055,0.3517
T_00371,T_00372,0.5501
T_00371,T_00370,0.4934
T_00371,T_00369,0.3010
T_00372,T_00371,0.5501
T_00372,T_00373,0.3458
T_00373,T_00374,0.5685
T_00373,T_00372,0.3458
T_00374,T_00373,0.5685
T_00374,T_00375,0.4256
T_00375,T_00376,0.6367
T_00375,T_00374,0.4256
T_00376,T_00375,0.6367
T_00376,T_00377,0.4366
T_00377,T_00378,0.5415
T_00377,T_00376,0.4366
T_00378,T_00377,0.5415
T_00378,T_00379,0.5249
T_00379,T_00378,0.5249
T_00379,T_00380,0.4935
T_00379,T_00366,0.2612
T_00379,T_00367,0.2582
T_00380,T_00379,0.4935
T_00380,T_00381,0.4921
T_00381,T_00382,0.5330
T_00381,T_00380,0.4921
T_00381,T_00383,0.2556
T_00382,T_00383,0.6252
T_00382,T_00381,0.5330
T_00383,T_00382,0.6252
T_00383,T_00384,0.6129
T_00383,T_00385,0.3676
T_00383,T_00381,0.2556
T_00384,T_00385,0.6972
T_00384,T_00383,0.6129
T_00385,T_00384,0.6972
T_00385,T_00386,0.3834
T_00385,T_00383,0.3676
T_00386,T_00387,0.6295
T_00386,T_00385,0.3834
T_00386,T_00388,0.2778
T_00387,T_00386,0.6295
T_00387,T_00388,0.5459
T_00388,T_00389,0.5506
T_00388,T_00387,0.5459
T_00388,T_00386,0.2778
T_00389,T_00388,0.5506
T_00389,T_00390,0.5013
T_00390,T_00389,0.5013
T_00390,T_00391,0.4222
T_00391,T_00392,0.4590
T_00391,T_00390,0.4222
T_00392,T_00393,0.5059
T_00392,T_00391,0.4590
T_00392,T_00367,0.2639
T_00393,T_00394,0.6195
T_00393,T_00392,0.5059
T_00393,T_00265,0.4254
T_00393,T_00266,0.3781
T_00393,T_00264,0.3763
T_00394,T_00393,0.6195
T_00394,T_00265,0.5631
T_00394,T_00264,0.5164
T_00394,T_00266,0.4984
T_00394,T_00395,0.4041
T_00395,T_00396,0.5474
T_00395,T_00394,0.4041
T_00396,T_00395,0.5474
T_00396,T_00397,0.3614
T_00397,T_00398,0.4202
T_00397,T_00396,0.3614
T_00398,T_00399,0.5220
T_00398,T_00397,0.4202
T_00398,T_00349,0.2842
T_00399,T_00398,0.5220
T_00399,T_00400,0.3943
T_00400,T_00401,0.5823
T_00400,T_00399,0.3943
T_00401,T_00400,0.5823
T_00401,T_00402,0.4850
T_00401,T_00403,0.2706
T_00402,T_00403,0.5428
T_00402,T_00401,0.4850
T_00402,T_00413,0.2851
T_00402,T_00405,0.2610
T_00402,T_00414,0.2576
T_00403,T_00402,0.5428
T_00403,T_00404,0.5227
T_00403,T_00414,0.3303
T_00403,T_00413,0.2970
T_00403,T_00405,0.2917
T_00404,T_00403,0.5227
T_00404,T_00405,0.4266
T_00405,T_00406,0.5327
T_00405,T_00404,0.4266
T_00405,T_00407,0.3253
T_00405,T_00403,0.2917
T_00405,T_00413,0.2842
T_00406,T_00407,0.6727
T_00406,T_00405,0.5327
T_00406,T_00460,0.4066
T_00406,T_00408,0.3479
T_00406,T_00409,0.3003
T_00407,T_00406,0.6727
T_00407,T_00408,0.5599
T_00407,T_00409,0.4340
T_00407,T_00405,0.3253
T_00407,T_00460,0.3076
T_00408,T_00407,0.5599
T_00408,T_00409,0.4839
T_00408,T_00406,0.3479
T_00408,T_00405,0.2823
T_00408,T_00411,0.2553
T_00409,T_00410,0.4994
T_00409,T_00408,0.4839
T_00409,T_00407,0.4340
T_00409,T_00406,0.3003
T_00410,T_00411,0.5505
T_00410,T_00409,0.4994
T_00411,T_00410,0.5505
T_00411,T_00412,0.5183
T_00411,T_00405,0.2671
T_00411,T_00408,0.2553
T_00412,T_00413,0.5496
T_00412,T_00411,0.5183
T_00412,T_00405,0.2744
T_00413,T_00414,0.6204
T_00413,T_00412,0.5496
T_00413,T_00403,0.2970
T_00413,T_00402,0.2851
T_00413,T_00405,0.2842
T_00414,T_00413,0.6204
T_00414,T_00415,0.4412
T_00414,T_00403,0.3303
T_00414,T_00405,0.2598
T_00414,T_00402,0.2576
T_00415,T_00416,0.6224
T_00415,T_00414,0.4412
T_00416,T_00415,0.6224
T_00416,T_00417,0.3401
T_00417,T_00418,0.4546
T_00417,T_00416,0.3401
T_00417,T_00334,0.3061
T_00418,T_00419,0.5209
T_00418,T_00417,0.4546
T_00419,T_00418,0.5209
T_00419,T_00420,0.4408
T_00420,T_00421,0.5175
T_00420,T_00419,0.4408
T_00421,T_00420,0.5175
T_00421,T_00422,0.3976
T_00422,T_00423,0.5014
T_00422,T_00421,0.3976
T_00423,T_00424,0.6174
T_00423,T_00422,0.5014
T_00423,T_00425,0.3304
T_00423,T_00426,0.3040
T_00424,T_00423,0.6174
T_00424,T_00425,0.5833
T_00424,T_00291,0.2971
T_00424,T_00426,0.2950
T_00424,T_00252,0.2821
T_00425,T_00424,0.5833
T_00425,T_00426,0.5294
T_00425,T_00423,0.3304
T_00425,T_00252,0.2964
T_00425,T_00291,0.2919
T_00426,T_00425,0.5294
T_00426,T_00427,0.4106
T_00426,T_00423,0.3040
T_00426,T_00424,0.2950
T_00427,T_00428,0.5599
T_00427,T_00426,0.4106
T_00428,T_00427,0.5599
T_00428,T_00429,0.4070
T_00429,T_00430,0.5802
T_00429,T_00428,0.4070
T_00429,T_00432,0.3800
T_00429,T_00435,0.2748
T_00429,T_00431,0.2744
T_00430,T_00429,0.5802
T_00430,T_00431,0.5585
T_00430,T_00432,0.3563
T_00430,T_00435,0.2510
T_00431,T_00430,0.5585
T_00431,T_00432,0.5379
T_00431,T_00435,0.3040
T_00431,T_00434,0.2801
T_00431,T_00429,0.2744
T_00432,T_00431,0.5379
T_00432,T_00433,0.4356
T_00432,T_00429,0.3800
T_00432,T_00430,0.3563
T_00432,T_00435,0.3162
T_00433,T_00434,0.5219
T_00433,T_00432,0.4356
T_00434,T_00435,0.5571
T_00434,T_00433,0.5219
T_00434,T_00459,0.3720
T_00434,T_00571,0.2832
T_00434,T_00431,0.2801
T_00435,T_00434,0.5571
T_00435,T_00436,0.4490
T_00435,T_00459,0.4171
T_00435,T_00432,0.3162
T_00435,T_00431,0.3040
T_00436,T_00437,0.5398
T_00436,T_00435,0.4490
T_00436,T_00432,0.3051
T_00436,T_00429,0.2583
T_00437,T_00436,0.5398
T_00437,T_00438,0.5218
T_00437,T_00563,0.4073
T_00437,T_00441,0.3581
T_00437,T_00442,0.3295
T_00438,T_00439,0.6368
T_00438,T_00441,0.5902
T_00438,T_00437,0.5218
T_00438,T_00440,0.4600
T_00438,T_00563,0.4567
T_00439,T_00438,0.6368
T_00439,T_00440,0.6232
T_00439,T_00441,0.4663
T_00439,T_00442,0.3311
T_00439,T_00563,0.3147
T_00440,T_00439,0.6232
T_00440,T_00441,0.5618
T_00440,T_00438,0.4600
T_00440,T_00442,0.3638
T_00440,T_00515,0.3568
T_00441,T_00438,0.5902
T_00441,T_00440,0.5618
T_00441,T_00442,0.5406
T_00441,T_00439,0.4663
T_00441,T_00563,0.3632
T_00442,T_00441,0.5406
T_00442,T_00443,0.4786
T_00442,T_00438,0.4215
T_00442,T_00440,0.3638
T_00442,T_00439,0.3311
T_00443,T_00444,0.4798
T_00443,T_00442,0.4786
T_00443,T_00450,0.2672
T_00444,T_00450,0.4878
T_00444,T_00443,0.4798
T_00444,T_00024,0.4382
T_00444,T_00445,0.3921
T_00444,T_00455,0.3105
T_00445,T_00446,0.5119
T_00445,T_00444,0.3921
T_00446,T_00445,0.5119
T_00446,T_00447,0.4755
T_00447,T_00448,0.5622
T_00447,T_00446,0.4755
T_00448,T_00447,0.5622
T_00448,T_00449,0.4729
T_00448,T_00262,0.3031
T_00448,T_00454,0.3017
T_00449,T_00448,0.4729
T_00449,T_00450,0.3966
T_00449,T_00262,0.2525
T_00450,T_00451,0.5321
T_00450,T_00444,0.4878
T_00450,T_00455,0.4009
T_00450,T_00449,0.3966
T_00450,T_00024,0.3660
T_00451,T_00452,0.6204
T_00451,T_00450,0.5321
T_00451,T_00453,0.3532
T_00451,T_00455,0.2664
T_00452,T_00451,0.6204
T_00452,T_00453,0.5599
T_00452,T_00450,0.3390
T_00453,T_00452,0.5599
T_00453,T_00454,0.3935
T_00453,T_00451,0.3532
T_00453,T_00450,0.2513
T_00454,T_00455,0.5193
T_00454,T_00453,0.3935
T_00454,T_00448,0.3017
T_00455,T_00454,0.5193
T_00455,T_00456,0.4668
T_00455,T_00450,0.4009
T_00455,T_00444,0.3105
T_00455,T_00451,0.2664
T_00456,T_00455,0.4668
T_00456,T_00457,0.3717
T_00456,T_00450,0.3068
T_00457,T_00458,0.4545
T_00457,T_00456,0.3717
T_00458,T_00459,0.5000
T_00458,T_00457,0.4545
T_00458,T_00461,0.3135
T_00458,T_00460,0.3118
T_00458,T_00406,0.2945
T_00459,T_00460,0.5302
T_00459,T_00458,0.5000
T_00459,T_00435,0.4171
T_00459,T_00434,0.3720
T_00460,T_00459,0.5302
T_00460,T_00461,0.5042
T_00460,T_00406,0.4066
T_00460,T_00458,0.3118
T_00460,T_00407,0.3076
T_00461,T_00460,0.5042
T_00461,T_00462,0.4545
T_00461,T_00458,0.3135
T_00461,T_00463,0.2980
T_00461,T_00286,0.2542
T_00462,T_00463,0.5538
T_00462,T_00461,0.4545
T_00462,T_00022,0.2607
T_00463,T_00462,0.5538
T_00463,T_00464,0.5489
T_00463,T_00461,0.2980
T_00463,T_00499,0.2553
T_00463,T_00458,0.2504
T_00464,T_00463,0.5489
T_00464,T_00465,0.3331
T_00465,T_00466,0.5049
T_00465,T_00464,0.3331
T_00466,T_00465,0.5049
T_00466,T_00467,0.4927
T_00467,T_00466,0.4927
T_00467,T_00468,0.4563
T_00468,T_00469,0.5631
T_00468,T_00467,0.4563
T_00469,T_00468,0.5631
T_00469,T_00470,0.4044
T_00470,T_00471,0.5432
T_00470,T_00469,0.4044
T_00470,T_00472,0.3399
T_00471,T_00472,0.6047
T_00471,T_00470,0.5432
T_00472,T_00471,0.6047
T_00472,T_00473,0.3999
T_00472,T_00470,0.3399
T_00473,T_00472,0.3999
T_00473,T_00474,0.3837
T_00474,T_00475,0.4535
T_00474,T_00473,0.3837
T_00475,T_00476,0.5892
T_00475,T_00474,0.4535
T_00475,T_00275,0.3273
T_00475,T_00276,0.2843
T_00476,T_00475,0.5892
T_00476,T_00477,0.4746
T_00476,T_00276,0.3318
T_00476,T_00275,0.3273
T_00477,T_00478,0.5328
T_00477,T_00476,0.4746
T_00477,T_00481,0.2994
T_00477,T_00279,0.2562
T_00478,T_00479,0.6803
T_00478,T_00480,0.5827
T_00478,T_00477,0.5328
T_00478,T_00280,0.3743
T_00478,T_00481,0.3474
T_00479,T_00480,0.7816
T_00479,T_00478,0.6803
T_00479,T_00280,0.3741
T_00479,T_00279,0.3292
T_00479,T_00481,0.3027
T_00480,T_00479,0.7816
T_00480,T_00478,0.5827
T_00480,T_00481,0.5652
T_00480,T_00280,0.4731
T_00480,T_00279,0.3762
T_00481,T_00480,0.5652
T_00481,T_00482,0.3829
T_00481,T_00280,0.3812
T_00481,T_00478,0.3474
T_00481,T_00479,0.3027
T_00482,T_00483,0.5008
T_00482,T_00481,0.3829
T_00483,T_00484,0.5149
T_00483,T_00482,0.5008
T_00484,T_00485,0.5326
T_00484,T_00483,0.5149
T_00485,T_00486,0.5636
T_00485,T_00484,0.5326
T_00486,T_00485,0.5636
T_00486,T_00487,0.5182
T_00487,T_00486,0.5182
T_00487,T_00488,0.4773
T_00488,T_00489,0.5646
T_00488,T_00487,0.4773
T_00489,T_00488,0.5646
T_00489,T_00490,0.5337
T_00489,T_00492,0.2567
T_00490,T_00489,0.5337
T_00490,T_00491,0.5227
T_00490,T_00492,0.2813
T_00491,T_00492,0.5858
T_00491,T_00490,0.5227
T_00492,T_00491,0.5858
T_00492,T_00493,0.3687
T_00492,T_00490,0.2813
T_00492,T_00489,0.2567
T_00493,T_00494,0.3901
T_00493,T_00492,0.3687
T_00493,T_00495,0.2924
T_00494,T_00495,0.4549
T_00494,T_00493,0.3901
T_00495,T_00494,0.4549
T_00495,T_00496,0.4330
T_00495,T_00493,0.2924
T_00496,T_00497,0.4826
T_00496,T_00495,0.4330
T_00496,T_00498,0.2944
T_00497,T_00498,0.5133
T_00497,T_00496,0.4826
T_00498,T_00497,0.5133
T_00498,T_00499,0.4366
T_00498,T_00496,0.2944
T_00499,T_00500,0.5855
T_00499,T_00498,0.4366
T_00499,T_00463,0.2553
T_00500,T_00499,0.5855
T_00500,T_00501,0.5228
T_00501,T_00500,0.5228
T_00501,T_00502,0.4643
T_00502,T_00501,0.4643
T_00502,T_00503,0.4594
T_00503,T_00502,0.4594
T_00503,T_00504,0.4491
T_00504,T_00503,0.4491
T_00504,T_00505,0.3697
T_00505,T_00506,0.3977
T_00505,T_00504,0.3697
T_00505,T_00513,0.2709
T_00505,T_00512,0.2520
T_00506,T_00507,0.5720
T_00506,T_00505,0.3977
T_00506,T_00513,0.3614
T_00506,T_00508,0.3163
T_00506,T_00514,0.2858
T_00507,T_00508,0.5890
T_00507,T_00506,0.5720
T_00507,T_00514,0.3006
T_00507,T_00509,0.2862
T_00508,T_00507,0.5890
T_00508,T_00509,0.3932
T_00508,T_00514,0.3517
T_00508,T_00506,0.3163
T_00508,T_00515,0.2655
T_00509,T_00515,0.7482
T_00509,T_00510,0.6187
T_00509,T_00516,0.5778
T_00509,T_00508,0.3932
T_00509,T_00440,0.3347
T_00510,T_00516,0.6630
T_00510,T_00509,0.6187
T_00510,T_00515,0.6067
T_00510,T_00511,0.5959
T_00510,T_00440,0.3248
T_00511,T_00510,0.5959
T_00511,T_00512,0.4964
T_00511,T_00516,0.4010
T_00511,T_00506,0.2512
T_00512,T_00511,0.4964
T_00512,T_00513,0.4267
T_00512,T_00516,0.2974
T_00512,T_00505,0.2520
T_00513,T_00514,0.4941
T_00513,T_00512,0.4267
T_00513,T_00506,0.3614
T_00513,T_00595,0.2814
T_00513,T_00505,0.2709
T_00514,T_00513,0.4941
T_00514,T_00515,0.4213
T_00514,T_00508,0.3517
T_00514,T_00507,0.3006
T_00514,T_00506,0.2858
T_00515,T_00509,0.7482
T_00515,T_00510,0.6067
T_00515,T_00516,0.5842
T_00515,T_00514,0.4213
T_00515,T_00440,0.3568
T_00516,T_00510,0.6630
T_00516,T_00515,0.5842
T_00516,T_00509,0.5778
T_00516,T_00511,0.4010
T_00516,T_00517,0.3566
T_00517,T_00518,0.5124
T_00517,T_00516,0.3566
T_00518,T_00517,0.5124
T_00518,T_00519,0.4562
T_00519,T_00520,0.4562
T_00519,T_00518,0.4562
T_00520,T_00521,0.4937
T_00520,T_00519,0.4562
T_00521,T_00522,0.5609
T_00521,T_00520,0.4937
T_00521,T_00523,0.2973
T_00521,T_00530,0.2563
T_00522,T_00521,0.5609
T_00522,T_00523,0.4794
T_00522,T_00524,0.2812
T_00523,T_00524,0.5914
T_00523,T_00522,0.4794
T_00523,T_00530,0.3115
T_00523,T_00521,0.2973
T_00523,T_00528,0.2938
T_00524,T_00523,0.5914
T_00524,T_00525,0.4754
T_00524,T_00522,0.2812
T_00524,T_00527,0.2730
T_00524,T_00528,0.2593
T_00525,T_00526,0.5878
T_00525,T_00524,0.4754
T_00525,T_00527,0.2916
T_00525,T_00523,0.2817
T_00526,T_00525,0.5878
T_00526,T_00527,0.4981
T_00526,T_00528,0.2728
T_00526,T_00523,0.2637
T_00527,T_00528,0.5538
T_00527,T_00526,0.4981
T_00527,T_00525,0.2916
T_00527,T_00523,0.2867
T_00527,T_00524,0.2730
T_00528,T_00527,0.5538
T_00528,T_00529,0.5452
T_00528,T_00523,0.2938
T_00528,T_00530,0.2897
T_00528,T_00526,0.2728
T_00529,T_00530,0.5924
T_00529,T_00528,0.5452
T_00529,T_00523,0.2723
T_00529,T_00527,0.2675
T_00530,T_00531,0.6162
T_00530,T_00529,0.5924
T_00530,T_00523,0.3115
T_00530,T_00528,0.2897
T_00530,T_00521,0.2563
T_00531,T_00530,0.6162
T_00531,T_00532,0.3642
T_00531,T_00523,0.2523
T_00531,T_00528,0.2519
T_00532,T_00536,0.5946
T_00532,T_00533,0.4793
T_00532,T_00555,0.3811
T_00532,T_00531,0.3642
T_00532,T_00537,0.3307
T_00533,T_00534,0.5033
T_00533,T_00532,0.4793
T_00533,T_00536,0.3020
T_00533,T_00535,0.2771
T_00534,T_00535,0.5624
T_00534,T_00533,0.5033
T_00535,T_00534,0.5624
T_00535,T_00536,0.4604
T_00535,T_00532,0.2789
T_00535,T_00533,0.2771
T_00536,T_00532,0.5946
T_00536,T_00535,0.4604
T_00536,T_00537,0.3793
T_00536,T_00538,0.3610
T_00536,T_00555,0.3495
T_00537,T_00538,0.5513
T_00537,T_00536,0.3793
T_00537,T_00532,0.3307
T_00537,T_00555,0.2816
T_00538,T_00537,0.5513
T_00538,T_00539,0.4068
T_00538,T_00536,0.3610
T_00538,T_00532,0.2991
T_00538,T_00555,0.2556
T_00539,T_00540,0.6327
T_00539,T_00538,0.4068
T_00540,T_00539,0.6327
T_00540,T_00541,0.4126
T_00541,T_00542,0.4888
T_00541,T_00540,0.4126
T_00542,T_00546,0.5603
T_00542,T_00543,0.5147
T_00542,T_00541,0.4888
T_00542,T_00547,0.2940
T_00543,T_00542,0.5147
T_00543,T_00544,0.4762
T_00543,T_00546,0.3855
T_00543,T_00547,0.3004
T_00544,T_00545,0.5787
T_00544,T_00543,0.4762
T_00545,T_00544,0.5787
T_00545,T_00546,0.5005
T_00546,T_00542,0.5603
T_00546,T_00545,0.5005
T_00546,T_00547,0.4888
T_00546,T_00543,0.3855
T_00547,T_00548,0.4987
T_00547,T_00546,0.4888
T_00547,T_00543,0.3004
T_00547,T_00542,0.2940
T_00547,T_00549,0.2519
T_00548,T_00549,0.5892
T_00548,T_00547,0.4987
T_00549,T_00548,0.5892
T_00549,T_00550,0.5175
T_00549,T_00547,0.2519
T_00550,T_00551,0.5466
T_00550,T_00549,0.5175
T_00551,T_00550,0.5466
T_00551,T_00552,0.4401
T_00552,T_00553,0.5571
T_00552,T_00551,0.4401
T_00552,T_00554,0.2908
T_00553,T_00554,0.6396
T_00553,T_00552,0.5571
T_00554,T_00553,0.6396
T_00554,T_00555,0.4319
T_00554,T_00552,0.2908
T_00555,T_00556,0.5946
T_00555,T_00554,0.4319
T_00555,T_00532,0.3811
T_00555,T_00536,0.3495
T_00555,T_00537,0.2816
T_00556,T_00557,0.6270
T_00556,T_00555,0.5946
T_00556,T_00532,0.3097
T_00556,T_00536,0.3094
T_00557,T_00556,0.6270
T_00557,T_00558,0.4352
T_00558,T_00557,0.4352
T_00558,T_00559,0.3218
T_00559,T_00560,0.6090
T_00559,T_00594,0.4158
T_00559,T_00561,0.3849
T_00559,T_00576,0.3744
T_00559,T_00575,0.3516
T_00560,T_00561,0.6457
T_00560,T_00559,0.6090
T_00560,T_00576,0.3817
T_00560,T_00575,0.3814
T_00560,T_00594,0.3505
T_00561,T_00560,0.6457
T_00561,T_00562,0.5143
T_00561,T_00576,0.4091
T_00561,T_00575,0.3884
T_00561,T_00559,0.3849
T_00562,T_00563,0.5394
T_00562,T_00561,0.5143
T_00562,T_00582,0.2970
T_00562,T_00437,0.2946
T_00562,T_00438,0.2845
T_00563,T_00562,0.5394
T_00563,T_00438,0.4567
T_00563,T_00437,0.4073
T_00563,T_00441,0.3632
T_00563,T_00439,0.3147
T_00564,T_00565,0.5149
T_00564,T_00563,0.3063
T_00564,T_00591,0.3046
T_00564,T_00566,0.2766
T_00564,T_00567,0.2655
T_00565,T_00566,0.5219
T_00565,T_00564,0.5149
T_00565,T_00594,0.4122
T_00565,T_00590,0.3665
T_00565,T_00589,0.3645
T_00566,T_00567,0.5805
T_00566,T_00565,0.5219
T_00566,T_00572,0.3081
T_00566,T_00589,0.3014
T_00566,T_00591,0.2999
T_00567,T_00566,0.5805
T_00567,T_00568,0.5315
T_00567,T_00589,0.3358
T_00567,T_00583,0.3332
T_00567,T_00582,0.3266
T_00568,T_00567,0.5315
T_00568,T_00569,0.4999
T_00568,T_00582,0.2845
T_00568,T_00573,0.2829
T_00568,T_00589,0.2828
T_00569,T_00570,0.5093
T_00569,T_00568,0.4999
T_00569,T_00581,0.3338
T_00569,T_00589,0.3218
T_00569,T_00582,0.3203
T_00570,T_00569,0.5093
T_00570,T_00571,0.5092
T_00570,T_00561,0.3171
T_00570,T_00565,0.3116
T_00570,T_00581,0.3091
T_00571,T_00570,0.5092
T_00571,T_00572,0.4028
T_00571,T_00434,0.2832
T_00571,T_00589,0.2752
T_00571,T_00590,0.2538
T_00572,T_00573,0.7312
T_00572,T_00571,0.4028
T_00572,T_00581,0.3660
T_00572,T_00582,0.3623
T_00572,T_00589,0.3211
T_00573,T_00572,0.7312
T_00573,T_00574,0.4166
T_00573,T_00581,0.3711
T_00573,T_00582,0.3700
T_00573,T_00567,0.3129
T_00574,T_00575,0.4764
T_00574,T_00573,0.4166
T_00574,T_00593,0.2867
T_00574,T_00589,0.2686
T_00574,T_00590,0.2676
T_00575,T_00576,0.5911
T_00575,T_00574,0.4764
T_00575,T_00594,0.4288
T_00575,T_00595,0.4277
T_00575,T_00561,0.3884
T_00576,T_00575,0.5911
T_00576,T_00577,0.5375
T_00576,T_00595,0.4779
T_00576,T_00561,0.4091
T_00576,T_00596,0.3907
T_00577,T_00578,0.6136
T_00577,T_00576,0.5375
T_00577,T_00596,0.3735
T_00577,T_00589,0.3482
T_00577,T_00595,0.3256
T_00578,T_00577,0.6136
T_00578,T_00579,0.5599
T_00578,T_00561,0.3492
T_00578,T_00589,0.3421
T_00578,T_00582,0.3391
T_00579,T_00578,0.5599
T_00579,T_00582,0.4767
T_00579,T_00581,0.4602
T_00579,T_00580,0.4386
T_00579,T_00561,0.3236
T_00580,T_00581,0.8102
T_00580,T_00579,0.4386
T_00580,T_00582,0.3475
T_00580,T_00570,0.2777
T_00580,T_00588,0.2771
T_00581,T_00580,0.8102
T_00581,T_00582,0.5777
T_00581,T_00579,0.4602
T_00581,T_00573,0.3711
T_00581,T_00572,0.3660
T_00582,T_00581,0.5777
T_00582,T_00583,0.5525
T_00582,T_00579,0.4767
T_00582,T_00573,0.3700
T_00582,T_00572,0.3623
T_00583,T_00582,0.5525
T_00583,T_00584,0.5018
T_00583,T_00567,0.3332
T_00583,T_00589,0.2841
T_00583,T_00566,0.2837
T_00584,T_00585,0.5981
T_00584,T_00583,0.5018
T_00584,T_00055,0.3190
T_00584,T_00591,0.2765
T_00584,T_00592,0.2750
T_00585,T_00584,0.5981
T_00585,T_00586,0.2524
T_00586,T_00587,0.6070
T_00586,T_00588,0.2959
T_00586,T_00559,0.2579
T_00586,T_00585,0.2524
T_00587,T_00586,0.6070
T_00587,T_00588,0.5753
T_00588,T_00587,0.5753
T_00588,T_00589,0.4899
T_00588,T_00594,0.3122
T_00588,T_00570,0.2964
T_00588,T_00586,0.2959
T_00589,T_00590,0.6053
T_00589,T_00588,0.4899
T_00589,T_00565,0.3645
T_00589,T_00577,0.3482
T_00589,T_00582,0.3451
T_00590,T_00591,0.6217
T_00590,T_00589,0.6053
T_00590,T_00594,0.3669
T_00590,T_00565,0.3665
T_00590,T_00593,0.3399
T_00591,T_00590,0.6217
T_00591,T_00592,0.5003
T_00591,T_00594,0.3382
T_00591,T_00589,0.3139
T_00591,T_00564,0.3046
T_00592,T_00591,0.5003
T_00592,T_00593,0.4604
T_00592,T_00589,0.3053
T_00592,T_00590,0.2768
T_00592,T_00584,0.2750
T_00593,T_00594,0.5355
T_00593,T_00592,0.4604
T_00593,T_00565,0.3517
T_00593,T_00590,0.3399
T_00593,T_00589,0.3222
T_00594,T_00595,0.5955
T_00594,T_00593,0.5355
T_00594,T_00575,0.4288
T_00594,T_00559,0.4158
T_00594,T_00565,0.4122
T_00595,T_00594,0.5955
T_00595,T_00596,0.5874
T_00595,T_00576,0.4779
T_00595,T_00575,0.4277
T_00595,T_00561,0.3524
T_00596,T_00595,0.5874
T_00596,T_00597,0.5261
T_00596,T_00576,0.3907
T_00596,T_00577,0.3735
T_00596,T_00594,0.2827
T_00597,T_00596,0.5261
T_00597,T_00582,0.3558
T_00597,T_00594,0.3270
T_00597,T_00589,0.3177
T_00597,T_00567,0.3164
T_00598,T_00599,0.2913
T_00598,T_00597,0.2911
T_00599,T_00600,0.3645
T_00599,T_00598,0.2913
T_00600,T_00599,0.3645
T_00600,T_00601,0.3289
T_00600,T_00609,0.2845
T_00601,T_00602,0.3450
T_00601,T_00600,0.3289
T_00602,T_00603,0.3719
T_00602,T_00601,0.3450
T_00603,T_00602,0.3719
T_00603,T_00604,0.3002
T_00604,T_00605,0.4302
T_00604,T_00603,0.3002
T_00605,T_00606,0.5034
T_00605,T_00604,0.4302
T_00606,T_00605,0.5034
T_00606,T_00615,0.2585
T_00607,T_00608,0.3830
T_00608,T_00607,0.3830
T_00608,T_00609,0.3311
T_00609,T_00610,0.3466
T_00609,T_00608,0.3311
T_00609,T_00600,0.2845
T_00609,T_00612,0.2784
T_00610,T_00609,0.3466
T_00610,T_00611,0.2651
T_00611,T_00612,0.2977
T_00611,T_00610,0.2651
T_00612,T_00613,0.3515
T_00612,T_00611,0.2977
T_00612,T_00609,0.2784
T_00612,T_00614,0.2535
T_00613,T_00614,0.3734
T_00613,T_00612,0.3515
T_00614,T_00615,0.3864
T_00614,T_00613,0.3734
T_00614,T_00612,0.2535
T_00615,T_00614,0.3864
T_00615,T_00616,0.3224
T_00615,T_00606,0.2585
T_00616,T_00615,0.3224
T_00616,T_00617,0.2518
T_00617,T_00002,0.4783
T_00617,T_00618,0.4783
T_00617,T_00001,0.4772
T_00617,T_00616,0.2518
T_00618,T_00618,1.0000
T_00618,T_00001,0.4905
T_00618,T_00617,0.4783
T_00618,T_00619,0.4491
T_00618,T_00003,0.4310
T_00619,T_00003,0.7147
T_00619,T_00620,0.4820
T_00619,T_00618,0.4491
T_00619,T_00002,0.4491
T_00619,T_00001,0.4423
T_00620,T_00001,0.8108
T_00620,T_00619,0.4820
