region_id,page_id,pdf_page,start_char,end_char_exclusive,region_type,detection_method,reviewed,x0,y0,x1,y1,row_count,col_count,token_count,text_sha256,text_preview
XR_000001,P_0015,15,296,445,TABLE,pymupdf_layout,true,70.86,197.568,297.595,279.94,0,0,27,a200ad8bf0e5cce51899581f9d200fced0504194266e8122c6e00e0aa6ce698a,Table 1.1 SI base units used in this manual Quantity Unit name Symbol Length metre m Mass kilogram kg Time second s Amount of substance mole mol
XR_000002,P_0015,15,2092,2246,TABLE,pymupdf_layout,true,70.86,621.288,297.573,702.79,0,0,28,ca205b05fa3b41da5c08b6bd967737899de4d65342452a19f824e8954e0ce221,Table 1.2 SI derived units used in this manual Quantity Unit name Symbol Area square metre m2 Volume cubic metre m3 Speed metre per second m/s or ms-1
XR_000003,P_0016,16,925,1237,TABLE,pymupdf_layout,true,184.3,254.871,524.458,363.047,0,0,63,1d5627367a2b4df528832f8f539aaa4b0921557443b9492818bcaccc2a4c10e7,Table 1.3 SI prefixes Factor Prefix Symbol Multiply by 1 000000 or 1 million (¥ 106) mega M Multiply by 1000 (¥ 103) kilo k Divide by 100 (¥ 0.01 or 10-2) centi
XR_000004,P_0017,17,22,425,TABLE,pymupdf_layout,true,70.89,99.902,538.603,205.187,0,0,71,5ed5495ca25e6e63bb2c88978281fa2f518b59c5ce900192c8f2d8ad66dc4a6e,Table 1.4 SI derived units of volume Unit name Symbol Equivalent in Unit name Symbol Equivalent in Equivalent in cubic metres (m3) litres (l) millilitres (ml) C
XR_000005,P_0018,18,1593,3060,TABLE,pymupdf_layout,true,56.74,415.878,523.873,750.587,0,0,243,01e6be6c134c5de2d7dfc4bd3b837762c37dd0983b18df868c9c96464e19617b,Table 1.5 Metric and traditional quantity names and units Quantity name SI unit Traditional quantity Traditional unit Conversion factors and examplesa name Eryt
XR_000006,P_0019,19,22,1674,TABLE,pymupdf_layout,true,70.89,99.768,538.613,479.807,0,0,259,39a1d44ca9f7e419b703ad8f121d641c55a2ac2c117885b55475785c7bce33ca,Table 1.5 (cont.) Quantity name SI unit Traditional quantity Traditional unit Conversion factors and examplesa name Thrombocyte number no. ¥ 109/l platelet coun
XR_000007,P_0026,26,2450,3039,TABLE,pymupdf_layout,true,56.71,602.428,521.371,772.75,0,0,78,50c299c66fff361435a93ee049e5b681c4c0bae07dd0698e527a15aac52e745e,Table 2.1 Specifications for batteries used for solar power supply Specification Type of battery Nickel–cadmium Lead–calcium Lead–calcium Lead–calcium antimony 
XR_000008,P_0048,48,58,2389,TABLE,pymupdf_layout,true,184.359,99.888,524.463,777.244,0,0,328,5e2696eb3cb2488369641b39198945085fd472b3ae3bb1f931129e83849637a0,Table 2.2 Equipment and supplies for a peripheral-level health laboratory Item Quantity required Equipment for collection of specimens Essential equipment Syrin
XR_000009,P_0049,49,52,2256,TABLE,pymupdf_layout,true,70.86,99.888,411.023,785.435,0,0,313,3d5adb54bfe4ad52b050196a6e4ee28c844a3871836321706c11b7a976c16e82,"Table 2.2 (cont.) Item Quantity required Flasks, Erlenmeyer, heat-resistant, wide-mouthed, 500ml 3 Flasks, Erlenmeyer, heat-resistant, wide-mouthed, 1000ml 3 Dr"
XR_000010,P_0050,50,58,1505,TABLE,pymupdf_layout,true,184.359,99.888,524.463,769.604,0,0,226,51acbcf486304f9837e3c7505322067dd7f2fe14a6550ee32b987c0888afbae9,"Table 2.2 (cont.) Item Quantity required Loop holders 4 Wooden block for loop holders 1 Protein standard tubes 1 set Test-tube racks, large, for 12 tubes 4 Test"
XR_000011,P_0051,51,52,1049,TABLE,pymupdf_layout,true,70.858,99.888,411.023,476.29,0,0,146,18dd9c28c422c7fc2b1a1e1f788a9cfc12bfba7a4c1134b95a33a8ee6b609bd8,"Table 2.2 (cont.) Item Quantity required Micropipette, 50ml 1 Micropipette, 100ml 1 Micropipette, 200ml 1 Micropipette, 500ml 1 Micropipette tips, plastic, disp"
XR_000012,P_0057,57,1810,2161,TABLE,pymupdf_layout,true,70.806,639.682,407.396,775.341,0,0,59,827f6cf54fb484aa1c13095328374b0da4652bea9fcf2468b9cbaca22b6c28c3,Table 2.3 A sample stock card Item: Giemsa stain (250-ml bottle) Item no.: 29 Ordered from Ordered Received Issued In stock Date Quantity Date Quantity Date Qua
XR_000013,P_0058,58,58,223,TABLE,pymupdf_layout,true,56.35,99.888,518.221,190.75,0,0,28,bff292f701f747df978673c6c35a8fe02ce497810cfa8706626bd5fa76fc23bb,Table 2.4 Estimating the quantity of supplies required Year Quantity used per month Jan. Feb. March April May June July Aug. Sept. Oct. Nov. Dec. 2000 2001 2002
XR_000014,P_0061,61,51,2660,TABLE,pymupdf_layout,true,75.554,99.104,521.791,776.813,0,0,419,1c506038fdfa4a6bc3fb44c840194513c247ce4c944b1992d08b9f37154403d5,two the sent (date) 2.1.01 2.1.01 the and example sent Results (date) 2.1.01 2.1.01 Results in the haemoglobin — — case Other tests quoted that tests positive c
XR_000015,P_0062,62,57,1390,TABLE,pymupdf_layout,true,189.44,105.022,520.408,776.81,0,0,198,561f2426964796de803fd29037fb0beb3f672f5a8d43b1a224f5ca78c81107e1,"sent sent Results (date) 2.1.01 17.1.01 (date) 2.1.01 2.1.01 3.1.01 3.1.01 Results fraction: (specify) few no. 0.06 Gram- 0.94, tests type of Gram- epithelial O"
XR_000016,P_0063,63,52,694,TABLE,pymupdf_layout,true,70.86,100.068,529.674,301.69,0,0,100,1f9d328258220bf53715ee96b0e9d4f4b3637cb672eba11b1077b85d04bd8cde,Table 2.10 Parasitology register Date Specimen Patient Sent by Specimen Examination Results Results sent no. provided requested (date) 2.1.01 1 Mr F Dr A Stool 
XR_000017,P_0063,63,698,1016,TABLE,pymupdf_layout,true,70.86,329.088,531.129,418.21,0,0,50,d2b4bf5d4edfd08de5ade60d712731ed15032198c46b7c3ee4275d78be8bfd5c,Table 2.11 Serology register Date Specimen no. Patient Sent by Specimen Examination requested Results Results sent (date) 3.1.01 1 Mrs P Prenatal clinic Blood E
XR_000018,P_0064,64,58,1099,TABLE,pymupdf_layout,true,184.36,99.978,524.455,706.21,0,0,151,39106173a3735a2dd04291484ba31931568bb5ca682f89a20c9c2802b928e29d,Table 2.12 Sample monthly report for a health laboratory Name of laboratory: Report for the month ending: LABORATORY RECORD Number of examinations carried out H
XR_000019,P_0096,96,58,1661,TABLE,pymupdf_layout,true,56.71,99.889,523.677,506.41,0,0,225,8b6e68d40bfce24dbcb5ccc8a0413971292ae245ffe6b50dd909c64f53322a5c,Table 3.1 Commonly used disinfectants Intended object of Disinfectant Recommended Minimum Stock preparation of disinfection dilution for duration of disinfectan
XR_000020,P_0104,104,0,2853,TABLE,pymupdf_layout,true,56.738,56.54,524.242,749.8,0,0,443,cd291d10bdfd36bdd8c3f772b624941b79bd9b9eb87c8dc13dd1d5592165fd0a,Table 3.2 Dispatch of specimens92 to a reference laboratoryManual of basic techniques for a health laboratory Type of Type of laboratory Container and preservat
XR_000021,P_0105,105,40,1270,TABLE,pymupdf_layout,true,70.86,99.888,538.36,420.85,0,0,188,5991ae9296eb93035121004ea4ec9b0748e98a7d0e4bcaf69b343e3a30cabd35,Table 3.2 (cont.) Type of Type of laboratory Container and preservative Amount of Preservation specimen examination specimen to time send Urine (see Biochemical
XR_000022,P_0107,107,1806,1997,TABLE,pymupdf_layout,true,70.86,617.843,297.332,725.147,0,0,40,e0cf0fa4f1ba691ab3929aedf9fd4855f029de0d2259500dbe7317b75d57b02e,Table 3.3 Calculating the amount of fixative to use for biopsy material Dimensions of specimen (cm) Amount of fixative (ml) 0.5 ¥ 0.5 6–10 0.5 ¥ 1 10–15 1 ¥ 1 2
XR_000023,P_0117,117,681,1378,TABLE,pymupdf_layout,true,70.86,365.118,403.274,772.75,0,0,77,55e216971c5d4dd94e01bcfef0d95afe1cd1e40364754e073859e4f18ae6f354,Table 4.1 Common causes of diarrhoeal disease Type of cause Specific cause Infectious Protozoa Amoebae Giardia spp. Balantidium coli Isospora belli Cryptosporid
XR_000024,P_0118,118,333,3331,TABLE,pymupdf_layout,true,56.74,169.129,523.978,772.75,0,0,381,c2f77bcd1e909c9e0f2908d6c8b2a51e4ff672e06674a281abf7ab791bf4c76d,Table 4.2 Routes of transmission of intestinal parasites Scientific name Common name How infection is contracted Helminths Ancylostoma duodenale Hookworm Walkin
XR_000025,P_0123,123,24,646,TABLE,pymupdf_layout,true,70.86,99.888,409.474,307.36,0,0,73,b1aab8c8e781b17f084f41431a99bc79d23bdc4b87dbd32a75edef28b137cbca,Table 4.3 Pathogenicity of intestinal protozoa Species Pathogenicity Amoebae Entamoeba histolytica Only amoeba that is commonly pathogenic to humans. May cause 
XR_000026,P_0126,126,59,701,TABLE,pymupdf_layout,true,56.74,99.888,524.501,256.96,0,0,85,c1e21172097d2ab7b3e132f9a80ccab7a330d112b7c6393f718b079b86ea65e1,Table 4.4 Features for the differential diagnosis of Entamoeba histolytica and E. coli Feature E. histolytica E. coli Motion In a definite direction Haphazard M
XR_000027,P_0140,140,59,1342,TABLE,pymupdf_layout,true,56.74,99.888,524.507,487.809,0,0,143,07971d8e4ec422026c1f1acb772157f4a2990013f04e7f976433713529353a0f,Table 4.5 Helminth species whose eggs are found in stools Scientific name Geographical distribution Ancylostoma duodenale Worldwide Ascaris lumbricoides Worldwi
XR_000028,P_0169,169,1701,2399,TABLE,pymupdf_layout,true,70.859,596.988,411.016,772.75,0,0,102,375d85785f97bdfc4f4ab81f657bc8f32a3a9ef46d59d79c2a8a6c3007328838,Table 4.6 Characteristics of larvae of Strongyloides stercoralis and Ancylostoma duodenale or Necator americanus Larval stage S. stercoralis A. duodenale or N. 
XR_000029,P_0172,172,1863,2305,TABLE,pymupdf_layout,true,184.3,574.728,524.446,695.65,0,0,59,959d3b3302bef6d312bdd3a98a603579a3bca6e8c4e623624b5ceb70030c6e64,Table 4.7 Geographical distribution of filarial worms Species Geographical distribution Brugia malayi Asia Brugia timori Parts of Indonesia Loa loa Central and 
XR_000030,P_0177,177,21,2653,TABLE,pymupdf_layout,true,71.436,101.358,436.594,776.813,0,0,345,dc10cb5d79bc7fd3c117e571786c4cbb71d423f8abb8b69b95be5978cb688918,"space; body and spp.) 2% and in in Aedes, unstained dispersed bancrofti head W. Giemsa; smooth Tropical subtropical countries Mosquitoes (Culex, Anopheles Manso"
XR_000031,P_0178,178,59,431,TABLE,pymupdf_layout_caption_fallback,true,184.36,99.888,524.163,236.531,0,0,47,363c422dec3677e9e195e7c25bed9e6eed83ddf73655f1044393bd66bedad6e2,Table 4.9 Recommended times for collection of blood specimens for testing for microfilariae Speciesa Recommended collection time Periodic (nocturnal) 23:00–01:0
XR_000032,P_0185,185,24,810,TABLE,pymupdf_layout,true,70.86,99.888,411.002,309.91,0,0,109,9b59f9ea992e76fdd0ddc0324e4abdba5cd56ef08ab8678902d4de5be7d07b6f,Table 4.10 Geographical distribution of Plasmodium spp. infective to humans Country or area P. falciparum P. malariae P. ovale P. vivax Central Africa Predomina
XR_000033,P_0191,191,24,942,TABLE,pymupdf_layout,true,70.86,99.893,535.03,479.591,0,0,142,be186a3af2c82d19e892442d6683ea987a39bf9a992b6979f6a47e0b463d1c4e,Table 4.11 Comparison of infected erythrocytes in thin blood films P. falciparum P. malariae P. vivax P. ovale Size of young trophozoite in comparison with diam
XR_000034,P_0192,192,59,411,TABLE,pymupdf_layout_caption_fallback,true,56.71,99.89,455.138,180.71,0,0,53,c6e346915125ae7b43a5c4e97e56c1388bc58092f2a78c97267d39f1a9e87e0e,Table 4.12 Identification of Plasmodium spp. infective to humans in blood films P. falciparum P. malariae (Stage frequently found) (Stage frequently found) Cyto
XR_000035,P_0193,193,24,1483,TABLE,pymupdf_layout,true,70.86,99.888,453.423,689.109,0,0,219,680ca5fb53e9f429abb66d933d5c5abd8f875d08a4683578421ae8675c97f069,"Table 4.12 (cont.) P. vivax P. ovalea (Stage frequently found) Cytoplasm: regular, dense Cytoplasm: blue, irregular, quite blue ring thick ring Chromatin: one m"
XR_000036,P_0214,214,1889,2123,TABLE,pymupdf_layout,true,184.359,612.679,411.074,771.31,0,0,34,57a35d3753f5938a6a55d2f65f477a562a0cd4855e2ab51d8d0f76a9cbdc843d,Table 5.1 Organisms stained by Ziehl– Neelsen stain Sample Organism Sputum M. tuberculosis M. bovis Skin M. leprae M. ulcerans Urine M. tuberculosis M. bovis St
XR_000037,P_0215,215,24,267,TABLE,pymupdf_layout,true,70.859,99.888,409.683,192.347,0,0,42,b8c0911e69d87f1b44d529cef6a2d08f17e0fecd336e948269f5609fe8bc3a7a,Table 5.2 Reporting the number of acid-fast bacilli present Number of acid-fast bacilli present per Result microscope field < 0.1 (< 10 per 100 fields) Specify 
XR_000038,P_0236,236,59,326,TABLE,pymupdf_layout,true,184.358,99.891,411.117,244.907,0,0,63,d86eb8ba1f5129772331f22a6bc1afc65df5fa52a4d88a4d7d2ed342a873f7a5,Table 5.3 Reporting the results of the examination for Mycobacterium leprae Number of bacilli per microscope field Result None (< 1 per 100 fields) 0 0.01–0.1 (
XR_000039,P_0249,249,32,272,TABLE,pymupdf_layout,true,70.86,99.888,297.609,232.037,0,0,37,1e26122236eca42272117c073ed147897eed273f1149e64503278922bc038877,Table 7.1 Reporting the results of the Benedict method for detection of reducing substances in urine Colour Result Blue Negative Green Borderline Green with yel
XR_000040,P_0252,252,59,222,TABLE,pymupdf_layout,true,184.36,99.888,411.106,206.357,0,0,29,f37a4707e896f8009fcbed1382e21fe9463b63ccd675d324086cdda59917a291,Table 7.2 Reporting the results of the test for detection of ketone bodies in urine Colour change Result None Negative Pink ring + Red ring ++ Purple ring +++
XR_000041,P_0254,254,1228,1459,TABLE,pymupdf_layout_numbered_fallback,true,184.3,660.92,524.136,742.487,0,0,32,fc231be29c0a6a783c26a8789b34c6ff92803cd0b000534b97b142a970ad3722,Table 7.3 Reporting the results of microscopic examination of urine for erythrocytes Number of erythrocytes per microscope field Result 0–10 few erythrocytes (n
XR_000042,P_0255,255,32,357,TABLE,pymupdf_layout_numbered_fallback,true,70.86,101.118,410.938,208.457,0,0,47,bd8ca6adcdb83f6604023e2269a35d22d7ccb0306fbc55dac60c1bb09ec2ee5c,Table 7.4 Reporting the results of microscopic examination of urine for leukocytes Number of leukocytes per microscope field Result 0–10 few leukocytes (normal)
XR_000043,P_0268,268,59,591,TABLE,pymupdf_layout,true,184.06,99.768,410.341,416.29,0,0,55,a16968bd828dff74c0c046d178fda6499c41e3090ae5dc001453f9c863705f4a,"Table 8.1 Common causes of meningitis Type of infection Specific organism Bacterial Neisseria meningitidis Streptococcus spp., especially S. pneumoniae Staphylo"
XR_000044,P_0275,275,175,1100,TABLE,pymupdf_layout,true,70.859,247.038,538.35,457.96,0,0,114,b896f4a20892793643ae1980a3328a58f55760ad037d07bde34029975ca8078f,Table 8.2 Typical findings on examination of CSF Disease or condition Appearance Blood cell Protein concentration Glucose Other findings concentration concentra
XR_000045,P_0284,284,1790,2008,TABLE,pymupdf_layout,true,184.36,635.868,524.35,728.26,0,0,38,c78b04a3ee9f8a645be862d0df3a0db73b7e2390e89afb44c87ade51699ea747,Table 9.1 Preparing serial dilutions of reference solution Tube number Volume of reference Volume of Drabkin diluting Dilution solution (ml) fluid (ml) 1 4.0 0.
XR_000046,P_0285,285,23,260,TABLE,pymupdf_layout,true,70.86,99.888,410.859,194.357,0,0,37,1ece2361efc8af32995402ff238d85be8d7b80d48ffec430221e2d33ebc78440,Table 9.2 Sample spectrophotometer readings for different dilu- tions of reference solution Dilution Haemoglobin concentration (g/l) Absorbance at 540nm undilut
XR_000047,P_0286,286,59,318,TABLE,pymupdf_layout,true,184.3,100.192,524.268,192.55,0,0,41,a80b12c09aa34ff89ab2d1703414b649249d015c471afe64d7273b24e8d5ba0a,Table 9.3 Preparing serial dilutions of haemiglobincyanide solution Tube Volume of haemiglobincyanide Volume of Drabkin Concentration of number solution (ml) di
XR_000048,P_0287,287,640,933,TABLE,pymupdf_layout,true,72.39,539.178,412.428,644.41,0,0,37,bacc37aad8506e98f86f06d05417d802fe7a69c7123bbf23ca9e2c96960eb9ef,"Table 9.4 Normal haemoglobin concentrations, by age group Age group Haemoglobin (Fe) Haemoglobin concentration (g/l) concentration (mmol/l) Newborn infants 8.4–"
XR_000049,P_0289,289,2101,2310,TABLE,pymupdf_layout,true,70.857,686.393,297.275,779.89,0,0,42,acf15cc1e3dc0ddbd017b27111b1563ae2535f8d6ba08ccf5d95423a01dfee86,Table 9.5 Preparation of serial dilutions of AHD reference solution for calibration of a colorimeter Test-tube 1 2 3 4 AHD reagent (ml) 1 2 3 4 AHD reference so
XR_000050,P_0296,296,59,353,TABLE,pymupdf_layout,true,184.298,99.891,522.967,207.1,0,0,42,6d77aaca37052528658e39c0a927f613b3a3505b9677cc7265fa759e19dda57f,"Table 9.6 Normal erythrocyte volume fractions and packed cell volumes, by age group Age group Erythrocyte volume fraction Packed cell volume (%) Newborn infants"
XR_000051,P_0299,299,2172,2546,TABLE,pymupdf_layout,true,70.86,665.422,410.904,777.197,0,0,62,7fccd24db643684bd2740068dbb93493d95b59becd05ecf1421fe9fd1eb5d1b9,"Table 9.7 Normal erythrocyte number concentrations, by age group Age group Erythrocyte number concentration SI units (per litre) Traditional units (per mm3) New"
XR_000052,P_0303,303,1914,2175,TABLE,pymupdf_layout,true,70.89,660.018,411.003,755.357,0,0,43,55f80207d00b38be9a1371191239ea69dd1e892cdf6a883f560cd107a80cc8f8,"Table 9.8 Normal leukocyte number concentrations, by age group Age group Leukocyte number concentration (per litre)a Newborn infants 10–20 ¥ 109 Infants (3–9 mo"
XR_000053,P_0306,306,59,230,TABLE,pymupdf_layout,true,185.29,101.778,412.024,221.957,0,0,31,81c105737bb974a04b4cc698a726f71b962da9e99fff81e46c91b039bd413799,"Table 9.9 Erythrocyte sedimentation rates (ESR),a by age group Age group ESR (mm/hour) Adults (< 50 years) Men < 15 Women < 20 Adults (> 50 years) Men ≥20 Women"
XR_000054,P_0317,317,2012,2504,TABLE,pymupdf_layout,true,70.86,614.12,410.957,772.75,0,0,64,12411cd7d2766efa6d21ae60b812af70966cf070a57f86e3bc008a6ebc38df94,Table 9.10 Appearance of blood cells in thin films stained with Leishman stain Cell type Appearance Neutrophils Cytoplasm stains faint pink and contains small m
XR_000055,P_0330,330,1930,2216,TABLE,pymupdf_layout,true,184.21,672.978,524.19,754.607,0,0,42,4607ecf0a7b49db015198441a32bf9aba60e4be7963d5ae3d71c0c13672f802b,"Table 9.11 Reticulocyte number concentrations and reticulocyte number fractions, by age group Age group Reticulocyte number concentrationa Reticulocyte number f"
XR_000056,P_0332,332,1327,1830,TABLE,pymupdf_layout,true,184.36,435.469,524.377,567.16,0,0,60,cde4506970ae4ef69845b94e76be706eb9506d155fc333ff212dfabd62143e2b,"Table 9.12 Normal leukocyte type number fractions, by age group Age group Cell typea Neutrophils Eosinophils Basophils Lymphocytes Monocytes Newborn infants 0.5"
XR_000057,P_0333,333,830,1012,TABLE,pymupdf_layout,true,70.86,369.17,297.204,450.797,0,0,31,276fa7945633762f8bda915720053c202ae6dd2c70a932c0a258167b242fc24a,"Table 9.13 Normal thrombocyte counts, by age group Age group Thrombocyte count (per mm3) Infants (< 1 year) 3.5–6.6 ¥ 105 Children (1–15 years) 2.5–5.1 ¥ 105 Ad"
XR_000058,P_0337,337,28,270,TABLE,pymupdf_layout,true,70.86,99.888,410.837,198.7,0,0,31,3af99b4276dd4bb3ff614e0692f50d1244f27ab7f1c21df385cd97b6df06d4ff,Table 10.1 Blood glucose concentrations in fasting patients Fluid Glucose concentration SI units (mmol/l) Traditional units (mg/100ml) Venous blood 3.3–5.5 60–1
XR_000059,P_0350,350,59,785,TABLE,pymupdf_layout,true,56.71,99.89,524.375,347.2,0,0,158,b1919591a930d9d678a41a803f7c89e72b14c3c28e6f53b2acccce19d8e62de3,Table 11.1 Preparation of dilution series for the anti-streptolysin O test Tube number Volume of patient’s Volume of Resulting Volume of reduced Volume of 5% se
