relation_id,start_id,end_id,relation_type,pdf_page,chunk_index_on_page
R_PAGE_CHUNK_C_0001_001,P_0001,C_0001_001,HAS_CHUNK,1,1
R_PAGE_CHUNK_C_0002_001,P_0002,C_0002_001,HAS_CHUNK,2,1
R_PAGE_CHUNK_C_0002_002,P_0002,C_0002_002,HAS_CHUNK,2,2
R_PAGE_CHUNK_C_0003_001,P_0003,C_0003_001,HAS_CHUNK,3,1
R_PAGE_CHUNK_C_0004_001,P_0004,C_0004_001,HAS_CHUNK,4,1
R_PAGE_CHUNK_C_0004_002,P_0004,C_0004_002,HAS_CHUNK,4,2
R_PAGE_CHUNK_C_0005_001,P_0005,C_0005_001,HAS_CHUNK,5,1
R_PAGE_CHUNK_C_0006_001,P_0006,C_0006_001,HAS_CHUNK,6,1
R_PAGE_CHUNK_C_0006_002,P_0006,C_0006_002,HAS_CHUNK,6,2
R_PAGE_CHUNK_C_0007_001,P_0007,C_0007_001,HAS_CHUNK,7,1
R_PAGE_CHUNK_C_0007_002,P_0007,C_0007_002,HAS_CHUNK,7,2
R_PAGE_CHUNK_C_0008_001,P_0008,C_0008_001,HAS_CHUNK,8,1
R_PAGE_CHUNK_C_0008_002,P_0008,C_0008_002,HAS_CHUNK,8,2
R_PAGE_CHUNK_C_0009_001,P_0009,C_0009_001,HAS_CHUNK,9,1
R_PAGE_CHUNK_C_0009_002,P_0009,C_0009_002,HAS_CHUNK,9,2
R_PAGE_CHUNK_C_0010_001,P_0010,C_0010_001,HAS_CHUNK,10,1
R_PAGE_CHUNK_C_0010_002,P_0010,C_0010_002,HAS_CHUNK,10,2
R_PAGE_CHUNK_C_0011_001,P_0011,C_0011_001,HAS_CHUNK,11,1
R_PAGE_CHUNK_C_0011_002,P_0011,C_0011_002,HAS_CHUNK,11,2
R_PAGE_CHUNK_C_0012_001,P_0012,C_0012_001,HAS_CHUNK,12,1
R_PAGE_CHUNK_C_0013_001,P_0013,C_0013_001,HAS_CHUNK,13,1
R_PAGE_CHUNK_C_0013_002,P_0013,C_0013_002,HAS_CHUNK,13,2
R_PAGE_CHUNK_C_0013_003,P_0013,C_0013_003,HAS_CHUNK,13,3
R_PAGE_CHUNK_C_0014_001,P_0014,C_0014_001,HAS_CHUNK,14,1
R_PAGE_CHUNK_C_0014_002,P_0014,C_0014_002,HAS_CHUNK,14,2
R_PAGE_CHUNK_C_0014_003,P_0014,C_0014_003,HAS_CHUNK,14,3
R_PAGE_CHUNK_C_0015_001,P_0015,C_0015_001,HAS_CHUNK,15,1
R_PAGE_CHUNK_C_0015_002,P_0015,C_0015_002,HAS_CHUNK,15,2
R_PAGE_CHUNK_C_0015_003,P_0015,C_0015_003,HAS_CHUNK,15,3
R_PAGE_CHUNK_C_0016_001,P_0016,C_0016_001,HAS_CHUNK,16,1
R_PAGE_CHUNK_C_0016_002,P_0016,C_0016_002,HAS_CHUNK,16,2
R_PAGE_CHUNK_C_0016_003,P_0016,C_0016_003,HAS_CHUNK,16,3
R_PAGE_CHUNK_C_0016_004,P_0016,C_0016_004,HAS_CHUNK,16,4
R_PAGE_CHUNK_C_0017_001,P_0017,C_0017_001,HAS_CHUNK,17,1
R_PAGE_CHUNK_C_0017_002,P_0017,C_0017_002,HAS_CHUNK,17,2
R_PAGE_CHUNK_C_0017_003,P_0017,C_0017_003,HAS_CHUNK,17,3
R_PAGE_CHUNK_C_0017_004,P_0017,C_0017_004,HAS_CHUNK,17,4
R_PAGE_CHUNK_C_0018_001,P_0018,C_0018_001,HAS_CHUNK,18,1
R_PAGE_CHUNK_C_0018_002,P_0018,C_0018_002,HAS_CHUNK,18,2
R_PAGE_CHUNK_C_0018_003,P_0018,C_0018_003,HAS_CHUNK,18,3
R_PAGE_CHUNK_C_0019_001,P_0019,C_0019_001,HAS_CHUNK,19,1
R_PAGE_CHUNK_C_0019_002,P_0019,C_0019_002,HAS_CHUNK,19,2
R_PAGE_CHUNK_C_0019_003,P_0019,C_0019_003,HAS_CHUNK,19,3
R_PAGE_CHUNK_C_0020_001,P_0020,C_0020_001,HAS_CHUNK,20,1
R_PAGE_CHUNK_C_0021_001,P_0021,C_0021_001,HAS_CHUNK,21,1
R_PAGE_CHUNK_C_0022_001,P_0022,C_0022_001,HAS_CHUNK,22,1
R_PAGE_CHUNK_C_0023_001,P_0023,C_0023_001,HAS_CHUNK,23,1
R_PAGE_CHUNK_C_0024_001,P_0024,C_0024_001,HAS_CHUNK,24,1
R_PAGE_CHUNK_C_0025_001,P_0025,C_0025_001,HAS_CHUNK,25,1
R_PAGE_CHUNK_C_0025_002,P_0025,C_0025_002,HAS_CHUNK,25,2
R_PAGE_CHUNK_C_0025_003,P_0025,C_0025_003,HAS_CHUNK,25,3
R_PAGE_CHUNK_C_0026_001,P_0026,C_0026_001,HAS_CHUNK,26,1
R_PAGE_CHUNK_C_0026_002,P_0026,C_0026_002,HAS_CHUNK,26,2
R_PAGE_CHUNK_C_0026_003,P_0026,C_0026_003,HAS_CHUNK,26,3
R_PAGE_CHUNK_C_0027_001,P_0027,C_0027_001,HAS_CHUNK,27,1
R_PAGE_CHUNK_C_0027_002,P_0027,C_0027_002,HAS_CHUNK,27,2
R_PAGE_CHUNK_C_0027_003,P_0027,C_0027_003,HAS_CHUNK,27,3
R_PAGE_CHUNK_C_0028_001,P_0028,C_0028_001,HAS_CHUNK,28,1
R_PAGE_CHUNK_C_0028_002,P_0028,C_0028_002,HAS_CHUNK,28,2
R_PAGE_CHUNK_C_0029_001,P_0029,C_0029_001,HAS_CHUNK,29,1
R_PAGE_CHUNK_C_0029_002,P_0029,C_0029_002,HAS_CHUNK,29,2
R_PAGE_CHUNK_C_0030_001,P_0030,C_0030_001,HAS_CHUNK,30,1
R_PAGE_CHUNK_C_0030_002,P_0030,C_0030_002,HAS_CHUNK,30,2
R_PAGE_CHUNK_C_0030_003,P_0030,C_0030_003,HAS_CHUNK,30,3
R_PAGE_CHUNK_C_0031_001,P_0031,C_0031_001,HAS_CHUNK,31,1
R_PAGE_CHUNK_C_0031_002,P_0031,C_0031_002,HAS_CHUNK,31,2
R_PAGE_CHUNK_C_0032_001,P_0032,C_0032_001,HAS_CHUNK,32,1
R_PAGE_CHUNK_C_0032_002,P_0032,C_0032_002,HAS_CHUNK,32,2
R_PAGE_CHUNK_C_0033_001,P_0033,C_0033_001,HAS_CHUNK,33,1
R_PAGE_CHUNK_C_0033_002,P_0033,C_0033_002,HAS_CHUNK,33,2
R_PAGE_CHUNK_C_0034_001,P_0034,C_0034_001,HAS_CHUNK,34,1
R_PAGE_CHUNK_C_0035_001,P_0035,C_0035_001,HAS_CHUNK,35,1
R_PAGE_CHUNK_C_0035_002,P_0035,C_0035_002,HAS_CHUNK,35,2
R_PAGE_CHUNK_C_0036_001,P_0036,C_0036_001,HAS_CHUNK,36,1
R_PAGE_CHUNK_C_0036_002,P_0036,C_0036_002,HAS_CHUNK,36,2
R_PAGE_CHUNK_C_0037_001,P_0037,C_0037_001,HAS_CHUNK,37,1
R_PAGE_CHUNK_C_0038_001,P_0038,C_0038_001,HAS_CHUNK,38,1
R_PAGE_CHUNK_C_0039_001,P_0039,C_0039_001,HAS_CHUNK,39,1
R_PAGE_CHUNK_C_0039_002,P_0039,C_0039_002,HAS_CHUNK,39,2
R_PAGE_CHUNK_C_0040_001,P_0040,C_0040_001,HAS_CHUNK,40,1
R_PAGE_CHUNK_C_0040_002,P_0040,C_0040_002,HAS_CHUNK,40,2
R_PAGE_CHUNK_C_0041_001,P_0041,C_0041_001,HAS_CHUNK,41,1
R_PAGE_CHUNK_C_0042_001,P_0042,C_0042_001,HAS_CHUNK,42,1
R_PAGE_CHUNK_C_0042_002,P_0042,C_0042_002,HAS_CHUNK,42,2
R_PAGE_CHUNK_C_0043_001,P_0043,C_0043_001,HAS_CHUNK,43,1
R_PAGE_CHUNK_C_0043_002,P_0043,C_0043_002,HAS_CHUNK,43,2
R_PAGE_CHUNK_C_0044_001,P_0044,C_0044_001,HAS_CHUNK,44,1
R_PAGE_CHUNK_C_0044_002,P_0044,C_0044_002,HAS_CHUNK,44,2
R_PAGE_CHUNK_C_0045_001,P_0045,C_0045_001,HAS_CHUNK,45,1
R_PAGE_CHUNK_C_0045_002,P_0045,C_0045_002,HAS_CHUNK,45,2
R_PAGE_CHUNK_C_0046_001,P_0046,C_0046_001,HAS_CHUNK,46,1
R_PAGE_CHUNK_C_0047_001,P_0047,C_0047_001,HAS_CHUNK,47,1
R_PAGE_CHUNK_C_0048_001,P_0048,C_0048_001,HAS_CHUNK,48,1
R_PAGE_CHUNK_C_0048_002,P_0048,C_0048_002,HAS_CHUNK,48,2
R_PAGE_CHUNK_C_0049_001,P_0049,C_0049_001,HAS_CHUNK,49,1
R_PAGE_CHUNK_C_0049_002,P_0049,C_0049_002,HAS_CHUNK,49,2
R_PAGE_CHUNK_C_0050_001,P_0050,C_0050_001,HAS_CHUNK,50,1
R_PAGE_CHUNK_C_0050_002,P_0050,C_0050_002,HAS_CHUNK,50,2
R_PAGE_CHUNK_C_0051_001,P_0051,C_0051_001,HAS_CHUNK,51,1
R_PAGE_CHUNK_C_0051_002,P_0051,C_0051_002,HAS_CHUNK,51,2
R_PAGE_CHUNK_C_0052_001,P_0052,C_0052_001,HAS_CHUNK,52,1
R_PAGE_CHUNK_C_0052_002,P_0052,C_0052_002,HAS_CHUNK,52,2
R_PAGE_CHUNK_C_0053_001,P_0053,C_0053_001,HAS_CHUNK,53,1
R_PAGE_CHUNK_C_0054_001,P_0054,C_0054_001,HAS_CHUNK,54,1
R_PAGE_CHUNK_C_0054_002,P_0054,C_0054_002,HAS_CHUNK,54,2
R_PAGE_CHUNK_C_0055_001,P_0055,C_0055_001,HAS_CHUNK,55,1
R_PAGE_CHUNK_C_0056_001,P_0056,C_0056_001,HAS_CHUNK,56,1
R_PAGE_CHUNK_C_0056_002,P_0056,C_0056_002,HAS_CHUNK,56,2
R_PAGE_CHUNK_C_0057_001,P_0057,C_0057_001,HAS_CHUNK,57,1
R_PAGE_CHUNK_C_0057_002,P_0057,C_0057_002,HAS_CHUNK,57,2
R_PAGE_CHUNK_C_0058_001,P_0058,C_0058_001,HAS_CHUNK,58,1
R_PAGE_CHUNK_C_0058_002,P_0058,C_0058_002,HAS_CHUNK,58,2
R_PAGE_CHUNK_C_0059_001,P_0059,C_0059_001,HAS_CHUNK,59,1
R_PAGE_CHUNK_C_0059_002,P_0059,C_0059_002,HAS_CHUNK,59,2
R_PAGE_CHUNK_C_0060_001,P_0060,C_0060_001,HAS_CHUNK,60,1
R_PAGE_CHUNK_C_0061_001,P_0061,C_0061_001,HAS_CHUNK,61,1
R_PAGE_CHUNK_C_0061_002,P_0061,C_0061_002,HAS_CHUNK,61,2
R_PAGE_CHUNK_C_0061_003,P_0061,C_0061_003,HAS_CHUNK,61,3
R_PAGE_CHUNK_C_0062_001,P_0062,C_0062_001,HAS_CHUNK,62,1
R_PAGE_CHUNK_C_0063_001,P_0063,C_0063_001,HAS_CHUNK,63,1
R_PAGE_CHUNK_C_0064_001,P_0064,C_0064_001,HAS_CHUNK,64,1
R_PAGE_CHUNK_C_0065_001,P_0065,C_0065_001,HAS_CHUNK,65,1
R_PAGE_CHUNK_C_0065_002,P_0065,C_0065_002,HAS_CHUNK,65,2
R_PAGE_CHUNK_C_0066_001,P_0066,C_0066_001,HAS_CHUNK,66,1
R_PAGE_CHUNK_C_0067_001,P_0067,C_0067_001,HAS_CHUNK,67,1
R_PAGE_CHUNK_C_0067_002,P_0067,C_0067_002,HAS_CHUNK,67,2
R_PAGE_CHUNK_C_0068_001,P_0068,C_0068_001,HAS_CHUNK,68,1
R_PAGE_CHUNK_C_0068_002,P_0068,C_0068_002,HAS_CHUNK,68,2
R_PAGE_CHUNK_C_0069_001,P_0069,C_0069_001,HAS_CHUNK,69,1
R_PAGE_CHUNK_C_0070_001,P_0070,C_0070_001,HAS_CHUNK,70,1
R_PAGE_CHUNK_C_0070_002,P_0070,C_0070_002,HAS_CHUNK,70,2
R_PAGE_CHUNK_C_0071_001,P_0071,C_0071_001,HAS_CHUNK,71,1
R_PAGE_CHUNK_C_0072_001,P_0072,C_0072_001,HAS_CHUNK,72,1
R_PAGE_CHUNK_C_0072_002,P_0072,C_0072_002,HAS_CHUNK,72,2
R_PAGE_CHUNK_C_0073_001,P_0073,C_0073_001,HAS_CHUNK,73,1
R_PAGE_CHUNK_C_0073_002,P_0073,C_0073_002,HAS_CHUNK,73,2
R_PAGE_CHUNK_C_0074_001,P_0074,C_0074_001,HAS_CHUNK,74,1
R_PAGE_CHUNK_C_0074_002,P_0074,C_0074_002,HAS_CHUNK,74,2
R_PAGE_CHUNK_C_0074_003,P_0074,C_0074_003,HAS_CHUNK,74,3
R_PAGE_CHUNK_C_0075_001,P_0075,C_0075_001,HAS_CHUNK,75,1
R_PAGE_CHUNK_C_0075_002,P_0075,C_0075_002,HAS_CHUNK,75,2
R_PAGE_CHUNK_C_0075_003,P_0075,C_0075_003,HAS_CHUNK,75,3
R_PAGE_CHUNK_C_0076_001,P_0076,C_0076_001,HAS_CHUNK,76,1
R_PAGE_CHUNK_C_0076_002,P_0076,C_0076_002,HAS_CHUNK,76,2
R_PAGE_CHUNK_C_0076_003,P_0076,C_0076_003,HAS_CHUNK,76,3
R_PAGE_CHUNK_C_0077_001,P_0077,C_0077_001,HAS_CHUNK,77,1
R_PAGE_CHUNK_C_0077_002,P_0077,C_0077_002,HAS_CHUNK,77,2
R_PAGE_CHUNK_C_0077_003,P_0077,C_0077_003,HAS_CHUNK,77,3
R_PAGE_CHUNK_C_0078_001,P_0078,C_0078_001,HAS_CHUNK,78,1
R_PAGE_CHUNK_C_0078_002,P_0078,C_0078_002,HAS_CHUNK,78,2
R_PAGE_CHUNK_C_0078_003,P_0078,C_0078_003,HAS_CHUNK,78,3
R_PAGE_CHUNK_C_0079_001,P_0079,C_0079_001,HAS_CHUNK,79,1
R_PAGE_CHUNK_C_0079_002,P_0079,C_0079_002,HAS_CHUNK,79,2
R_PAGE_CHUNK_C_0080_001,P_0080,C_0080_001,HAS_CHUNK,80,1
R_PAGE_CHUNK_C_0080_002,P_0080,C_0080_002,HAS_CHUNK,80,2
R_PAGE_CHUNK_C_0081_001,P_0081,C_0081_001,HAS_CHUNK,81,1
R_PAGE_CHUNK_C_0081_002,P_0081,C_0081_002,HAS_CHUNK,81,2
R_PAGE_CHUNK_C_0082_001,P_0082,C_0082_001,HAS_CHUNK,82,1
R_PAGE_CHUNK_C_0082_002,P_0082,C_0082_002,HAS_CHUNK,82,2
R_PAGE_CHUNK_C_0082_003,P_0082,C_0082_003,HAS_CHUNK,82,3
R_PAGE_CHUNK_C_0083_001,P_0083,C_0083_001,HAS_CHUNK,83,1
R_PAGE_CHUNK_C_0084_001,P_0084,C_0084_001,HAS_CHUNK,84,1
R_PAGE_CHUNK_C_0084_002,P_0084,C_0084_002,HAS_CHUNK,84,2
R_PAGE_CHUNK_C_0085_001,P_0085,C_0085_001,HAS_CHUNK,85,1
R_PAGE_CHUNK_C_0085_002,P_0085,C_0085_002,HAS_CHUNK,85,2
R_PAGE_CHUNK_C_0085_003,P_0085,C_0085_003,HAS_CHUNK,85,3
R_PAGE_CHUNK_C_0086_001,P_0086,C_0086_001,HAS_CHUNK,86,1
R_PAGE_CHUNK_C_0086_002,P_0086,C_0086_002,HAS_CHUNK,86,2
R_PAGE_CHUNK_C_0087_001,P_0087,C_0087_001,HAS_CHUNK,87,1
R_PAGE_CHUNK_C_0088_001,P_0088,C_0088_001,HAS_CHUNK,88,1
R_PAGE_CHUNK_C_0088_002,P_0088,C_0088_002,HAS_CHUNK,88,2
R_PAGE_CHUNK_C_0089_001,P_0089,C_0089_001,HAS_CHUNK,89,1
R_PAGE_CHUNK_C_0089_002,P_0089,C_0089_002,HAS_CHUNK,89,2
R_PAGE_CHUNK_C_0090_001,P_0090,C_0090_001,HAS_CHUNK,90,1
R_PAGE_CHUNK_C_0090_002,P_0090,C_0090_002,HAS_CHUNK,90,2
R_PAGE_CHUNK_C_0091_001,P_0091,C_0091_001,HAS_CHUNK,91,1
R_PAGE_CHUNK_C_0091_002,P_0091,C_0091_002,HAS_CHUNK,91,2
R_PAGE_CHUNK_C_0091_003,P_0091,C_0091_003,HAS_CHUNK,91,3
R_PAGE_CHUNK_C_0092_001,P_0092,C_0092_001,HAS_CHUNK,92,1
R_PAGE_CHUNK_C_0092_002,P_0092,C_0092_002,HAS_CHUNK,92,2
R_PAGE_CHUNK_C_0092_003,P_0092,C_0092_003,HAS_CHUNK,92,3
R_PAGE_CHUNK_C_0093_001,P_0093,C_0093_001,HAS_CHUNK,93,1
R_PAGE_CHUNK_C_0093_002,P_0093,C_0093_002,HAS_CHUNK,93,2
R_PAGE_CHUNK_C_0094_001,P_0094,C_0094_001,HAS_CHUNK,94,1
R_PAGE_CHUNK_C_0094_002,P_0094,C_0094_002,HAS_CHUNK,94,2
R_PAGE_CHUNK_C_0095_001,P_0095,C_0095_001,HAS_CHUNK,95,1
R_PAGE_CHUNK_C_0095_002,P_0095,C_0095_002,HAS_CHUNK,95,2
R_PAGE_CHUNK_C_0095_003,P_0095,C_0095_003,HAS_CHUNK,95,3
R_PAGE_CHUNK_C_0096_001,P_0096,C_0096_001,HAS_CHUNK,96,1
R_PAGE_CHUNK_C_0096_002,P_0096,C_0096_002,HAS_CHUNK,96,2
R_PAGE_CHUNK_C_0096_003,P_0096,C_0096_003,HAS_CHUNK,96,3
R_PAGE_CHUNK_C_0097_001,P_0097,C_0097_001,HAS_CHUNK,97,1
R_PAGE_CHUNK_C_0097_002,P_0097,C_0097_002,HAS_CHUNK,97,2
R_PAGE_CHUNK_C_0097_003,P_0097,C_0097_003,HAS_CHUNK,97,3
R_PAGE_CHUNK_C_0098_001,P_0098,C_0098_001,HAS_CHUNK,98,1
R_PAGE_CHUNK_C_0098_002,P_0098,C_0098_002,HAS_CHUNK,98,2
R_PAGE_CHUNK_C_0099_001,P_0099,C_0099_001,HAS_CHUNK,99,1
R_PAGE_CHUNK_C_0099_002,P_0099,C_0099_002,HAS_CHUNK,99,2
R_PAGE_CHUNK_C_0100_001,P_0100,C_0100_001,HAS_CHUNK,100,1
R_PAGE_CHUNK_C_0100_002,P_0100,C_0100_002,HAS_CHUNK,100,2
R_PAGE_CHUNK_C_0100_003,P_0100,C_0100_003,HAS_CHUNK,100,3
R_PAGE_CHUNK_C_0101_001,P_0101,C_0101_001,HAS_CHUNK,101,1
R_PAGE_CHUNK_C_0101_002,P_0101,C_0101_002,HAS_CHUNK,101,2
R_PAGE_CHUNK_C_0101_003,P_0101,C_0101_003,HAS_CHUNK,101,3
R_PAGE_CHUNK_C_0102_001,P_0102,C_0102_001,HAS_CHUNK,102,1
R_PAGE_CHUNK_C_0102_002,P_0102,C_0102_002,HAS_CHUNK,102,2
R_PAGE_CHUNK_C_0103_001,P_0103,C_0103_001,HAS_CHUNK,103,1
R_PAGE_CHUNK_C_0103_002,P_0103,C_0103_002,HAS_CHUNK,103,2
R_PAGE_CHUNK_C_0103_003,P_0103,C_0103_003,HAS_CHUNK,103,3
R_PAGE_CHUNK_C_0104_001,P_0104,C_0104_001,HAS_CHUNK,104,1
R_PAGE_CHUNK_C_0104_002,P_0104,C_0104_002,HAS_CHUNK,104,2
R_PAGE_CHUNK_C_0104_003,P_0104,C_0104_003,HAS_CHUNK,104,3
R_PAGE_CHUNK_C_0105_001,P_0105,C_0105_001,HAS_CHUNK,105,1
R_PAGE_CHUNK_C_0105_002,P_0105,C_0105_002,HAS_CHUNK,105,2
R_PAGE_CHUNK_C_0106_001,P_0106,C_0106_001,HAS_CHUNK,106,1
R_PAGE_CHUNK_C_0107_001,P_0107,C_0107_001,HAS_CHUNK,107,1
R_PAGE_CHUNK_C_0107_002,P_0107,C_0107_002,HAS_CHUNK,107,2
R_PAGE_CHUNK_C_0108_001,P_0108,C_0108_001,HAS_CHUNK,108,1
R_PAGE_CHUNK_C_0108_002,P_0108,C_0108_002,HAS_CHUNK,108,2
R_PAGE_CHUNK_C_0108_003,P_0108,C_0108_003,HAS_CHUNK,108,3
R_PAGE_CHUNK_C_0109_001,P_0109,C_0109_001,HAS_CHUNK,109,1
R_PAGE_CHUNK_C_0109_002,P_0109,C_0109_002,HAS_CHUNK,109,2
R_PAGE_CHUNK_C_0110_001,P_0110,C_0110_001,HAS_CHUNK,110,1
R_PAGE_CHUNK_C_0110_002,P_0110,C_0110_002,HAS_CHUNK,110,2
R_PAGE_CHUNK_C_0111_001,P_0111,C_0111_001,HAS_CHUNK,111,1
R_PAGE_CHUNK_C_0111_002,P_0111,C_0111_002,HAS_CHUNK,111,2
R_PAGE_CHUNK_C_0112_001,P_0112,C_0112_001,HAS_CHUNK,112,1
R_PAGE_CHUNK_C_0112_002,P_0112,C_0112_002,HAS_CHUNK,112,2
R_PAGE_CHUNK_C_0113_001,P_0113,C_0113_001,HAS_CHUNK,113,1
R_PAGE_CHUNK_C_0113_002,P_0113,C_0113_002,HAS_CHUNK,113,2
R_PAGE_CHUNK_C_0113_003,P_0113,C_0113_003,HAS_CHUNK,113,3
R_PAGE_CHUNK_C_0114_001,P_0114,C_0114_001,HAS_CHUNK,114,1
R_PAGE_CHUNK_C_0114_002,P_0114,C_0114_002,HAS_CHUNK,114,2
R_PAGE_CHUNK_C_0115_001,P_0115,C_0115_001,HAS_CHUNK,115,1
R_PAGE_CHUNK_C_0116_001,P_0116,C_0116_001,HAS_CHUNK,116,1
R_PAGE_CHUNK_C_0117_001,P_0117,C_0117_001,HAS_CHUNK,117,1
R_PAGE_CHUNK_C_0118_001,P_0118,C_0118_001,HAS_CHUNK,118,1
R_PAGE_CHUNK_C_0118_002,P_0118,C_0118_002,HAS_CHUNK,118,2
R_PAGE_CHUNK_C_0118_003,P_0118,C_0118_003,HAS_CHUNK,118,3
R_PAGE_CHUNK_C_0119_001,P_0119,C_0119_001,HAS_CHUNK,119,1
R_PAGE_CHUNK_C_0119_002,P_0119,C_0119_002,HAS_CHUNK,119,2
R_PAGE_CHUNK_C_0120_001,P_0120,C_0120_001,HAS_CHUNK,120,1
R_PAGE_CHUNK_C_0120_002,P_0120,C_0120_002,HAS_CHUNK,120,2
R_PAGE_CHUNK_C_0121_001,P_0121,C_0121_001,HAS_CHUNK,121,1
R_PAGE_CHUNK_C_0121_002,P_0121,C_0121_002,HAS_CHUNK,121,2
R_PAGE_CHUNK_C_0122_001,P_0122,C_0122_001,HAS_CHUNK,122,1
R_PAGE_CHUNK_C_0122_002,P_0122,C_0122_002,HAS_CHUNK,122,2
R_PAGE_CHUNK_C_0123_001,P_0123,C_0123_001,HAS_CHUNK,123,1
R_PAGE_CHUNK_C_0123_002,P_0123,C_0123_002,HAS_CHUNK,123,2
R_PAGE_CHUNK_C_0124_001,P_0124,C_0124_001,HAS_CHUNK,124,1
R_PAGE_CHUNK_C_0125_001,P_0125,C_0125_001,HAS_CHUNK,125,1
R_PAGE_CHUNK_C_0125_002,P_0125,C_0125_002,HAS_CHUNK,125,2
R_PAGE_CHUNK_C_0126_001,P_0126,C_0126_001,HAS_CHUNK,126,1
R_PAGE_CHUNK_C_0126_002,P_0126,C_0126_002,HAS_CHUNK,126,2
R_PAGE_CHUNK_C_0127_001,P_0127,C_0127_001,HAS_CHUNK,127,1
R_PAGE_CHUNK_C_0127_002,P_0127,C_0127_002,HAS_CHUNK,127,2
R_PAGE_CHUNK_C_0128_001,P_0128,C_0128_001,HAS_CHUNK,128,1
R_PAGE_CHUNK_C_0129_001,P_0129,C_0129_001,HAS_CHUNK,129,1
R_PAGE_CHUNK_C_0129_002,P_0129,C_0129_002,HAS_CHUNK,129,2
R_PAGE_CHUNK_C_0130_001,P_0130,C_0130_001,HAS_CHUNK,130,1
R_PAGE_CHUNK_C_0130_002,P_0130,C_0130_002,HAS_CHUNK,130,2
R_PAGE_CHUNK_C_0131_001,P_0131,C_0131_001,HAS_CHUNK,131,1
R_PAGE_CHUNK_C_0132_001,P_0132,C_0132_001,HAS_CHUNK,132,1
R_PAGE_CHUNK_C_0133_001,P_0133,C_0133_001,HAS_CHUNK,133,1
R_PAGE_CHUNK_C_0134_001,P_0134,C_0134_001,HAS_CHUNK,134,1
R_PAGE_CHUNK_C_0134_002,P_0134,C_0134_002,HAS_CHUNK,134,2
R_PAGE_CHUNK_C_0135_001,P_0135,C_0135_001,HAS_CHUNK,135,1
R_PAGE_CHUNK_C_0135_002,P_0135,C_0135_002,HAS_CHUNK,135,2
R_PAGE_CHUNK_C_0136_001,P_0136,C_0136_001,HAS_CHUNK,136,1
R_PAGE_CHUNK_C_0136_002,P_0136,C_0136_002,HAS_CHUNK,136,2
R_PAGE_CHUNK_C_0137_001,P_0137,C_0137_001,HAS_CHUNK,137,1
R_PAGE_CHUNK_C_0137_002,P_0137,C_0137_002,HAS_CHUNK,137,2
R_PAGE_CHUNK_C_0138_001,P_0138,C_0138_001,HAS_CHUNK,138,1
R_PAGE_CHUNK_C_0138_002,P_0138,C_0138_002,HAS_CHUNK,138,2
R_PAGE_CHUNK_C_0138_003,P_0138,C_0138_003,HAS_CHUNK,138,3
R_PAGE_CHUNK_C_0139_001,P_0139,C_0139_001,HAS_CHUNK,139,1
R_PAGE_CHUNK_C_0139_002,P_0139,C_0139_002,HAS_CHUNK,139,2
R_PAGE_CHUNK_C_0140_001,P_0140,C_0140_001,HAS_CHUNK,140,1
R_PAGE_CHUNK_C_0140_002,P_0140,C_0140_002,HAS_CHUNK,140,2
R_PAGE_CHUNK_C_0141_001,P_0141,C_0141_001,HAS_CHUNK,141,1
R_PAGE_CHUNK_C_0142_001,P_0142,C_0142_001,HAS_CHUNK,142,1
R_PAGE_CHUNK_C_0143_001,P_0143,C_0143_001,HAS_CHUNK,143,1
R_PAGE_CHUNK_C_0144_001,P_0144,C_0144_001,HAS_CHUNK,144,1
R_PAGE_CHUNK_C_0145_001,P_0145,C_0145_001,HAS_CHUNK,145,1
R_PAGE_CHUNK_C_0146_001,P_0146,C_0146_001,HAS_CHUNK,146,1
R_PAGE_CHUNK_C_0146_002,P_0146,C_0146_002,HAS_CHUNK,146,2
R_PAGE_CHUNK_C_0147_001,P_0147,C_0147_001,HAS_CHUNK,147,1
R_PAGE_CHUNK_C_0147_002,P_0147,C_0147_002,HAS_CHUNK,147,2
R_PAGE_CHUNK_C_0148_001,P_0148,C_0148_001,HAS_CHUNK,148,1
R_PAGE_CHUNK_C_0149_001,P_0149,C_0149_001,HAS_CHUNK,149,1
R_PAGE_CHUNK_C_0150_001,P_0150,C_0150_001,HAS_CHUNK,150,1
R_PAGE_CHUNK_C_0150_002,P_0150,C_0150_002,HAS_CHUNK,150,2
R_PAGE_CHUNK_C_0151_001,P_0151,C_0151_001,HAS_CHUNK,151,1
R_PAGE_CHUNK_C_0151_002,P_0151,C_0151_002,HAS_CHUNK,151,2
R_PAGE_CHUNK_C_0152_001,P_0152,C_0152_001,HAS_CHUNK,152,1
R_PAGE_CHUNK_C_0152_002,P_0152,C_0152_002,HAS_CHUNK,152,2
R_PAGE_CHUNK_C_0153_001,P_0153,C_0153_001,HAS_CHUNK,153,1
R_PAGE_CHUNK_C_0153_002,P_0153,C_0153_002,HAS_CHUNK,153,2
R_PAGE_CHUNK_C_0154_001,P_0154,C_0154_001,HAS_CHUNK,154,1
R_PAGE_CHUNK_C_0154_002,P_0154,C_0154_002,HAS_CHUNK,154,2
R_PAGE_CHUNK_C_0155_001,P_0155,C_0155_001,HAS_CHUNK,155,1
R_PAGE_CHUNK_C_0155_002,P_0155,C_0155_002,HAS_CHUNK,155,2
R_PAGE_CHUNK_C_0156_001,P_0156,C_0156_001,HAS_CHUNK,156,1
R_PAGE_CHUNK_C_0156_002,P_0156,C_0156_002,HAS_CHUNK,156,2
R_PAGE_CHUNK_C_0157_001,P_0157,C_0157_001,HAS_CHUNK,157,1
R_PAGE_CHUNK_C_0158_001,P_0158,C_0158_001,HAS_CHUNK,158,1
R_PAGE_CHUNK_C_0158_002,P_0158,C_0158_002,HAS_CHUNK,158,2
R_PAGE_CHUNK_C_0159_001,P_0159,C_0159_001,HAS_CHUNK,159,1
R_PAGE_CHUNK_C_0160_001,P_0160,C_0160_001,HAS_CHUNK,160,1
R_PAGE_CHUNK_C_0161_001,P_0161,C_0161_001,HAS_CHUNK,161,1
R_PAGE_CHUNK_C_0162_001,P_0162,C_0162_001,HAS_CHUNK,162,1
R_PAGE_CHUNK_C_0163_001,P_0163,C_0163_001,HAS_CHUNK,163,1
R_PAGE_CHUNK_C_0164_001,P_0164,C_0164_001,HAS_CHUNK,164,1
R_PAGE_CHUNK_C_0164_002,P_0164,C_0164_002,HAS_CHUNK,164,2
R_PAGE_CHUNK_C_0165_001,P_0165,C_0165_001,HAS_CHUNK,165,1
R_PAGE_CHUNK_C_0165_002,P_0165,C_0165_002,HAS_CHUNK,165,2
R_PAGE_CHUNK_C_0166_001,P_0166,C_0166_001,HAS_CHUNK,166,1
R_PAGE_CHUNK_C_0166_002,P_0166,C_0166_002,HAS_CHUNK,166,2
R_PAGE_CHUNK_C_0166_003,P_0166,C_0166_003,HAS_CHUNK,166,3
R_PAGE_CHUNK_C_0167_001,P_0167,C_0167_001,HAS_CHUNK,167,1
R_PAGE_CHUNK_C_0167_002,P_0167,C_0167_002,HAS_CHUNK,167,2
R_PAGE_CHUNK_C_0168_001,P_0168,C_0168_001,HAS_CHUNK,168,1
R_PAGE_CHUNK_C_0168_002,P_0168,C_0168_002,HAS_CHUNK,168,2
R_PAGE_CHUNK_C_0169_001,P_0169,C_0169_001,HAS_CHUNK,169,1
R_PAGE_CHUNK_C_0169_002,P_0169,C_0169_002,HAS_CHUNK,169,2
R_PAGE_CHUNK_C_0170_001,P_0170,C_0170_001,HAS_CHUNK,170,1
R_PAGE_CHUNK_C_0171_001,P_0171,C_0171_001,HAS_CHUNK,171,1
R_PAGE_CHUNK_C_0171_002,P_0171,C_0171_002,HAS_CHUNK,171,2
R_PAGE_CHUNK_C_0171_003,P_0171,C_0171_003,HAS_CHUNK,171,3
R_PAGE_CHUNK_C_0172_001,P_0172,C_0172_001,HAS_CHUNK,172,1
R_PAGE_CHUNK_C_0172_002,P_0172,C_0172_002,HAS_CHUNK,172,2
R_PAGE_CHUNK_C_0173_001,P_0173,C_0173_001,HAS_CHUNK,173,1
R_PAGE_CHUNK_C_0173_002,P_0173,C_0173_002,HAS_CHUNK,173,2
R_PAGE_CHUNK_C_0174_001,P_0174,C_0174_001,HAS_CHUNK,174,1
R_PAGE_CHUNK_C_0174_002,P_0174,C_0174_002,HAS_CHUNK,174,2
R_PAGE_CHUNK_C_0174_003,P_0174,C_0174_003,HAS_CHUNK,174,3
R_PAGE_CHUNK_C_0175_001,P_0175,C_0175_001,HAS_CHUNK,175,1
R_PAGE_CHUNK_C_0175_002,P_0175,C_0175_002,HAS_CHUNK,175,2
R_PAGE_CHUNK_C_0176_001,P_0176,C_0176_001,HAS_CHUNK,176,1
R_PAGE_CHUNK_C_0176_002,P_0176,C_0176_002,HAS_CHUNK,176,2
R_PAGE_CHUNK_C_0177_001,P_0177,C_0177_001,HAS_CHUNK,177,1
R_PAGE_CHUNK_C_0177_002,P_0177,C_0177_002,HAS_CHUNK,177,2
R_PAGE_CHUNK_C_0178_001,P_0178,C_0178_001,HAS_CHUNK,178,1
R_PAGE_CHUNK_C_0179_001,P_0179,C_0179_001,HAS_CHUNK,179,1
R_PAGE_CHUNK_C_0179_002,P_0179,C_0179_002,HAS_CHUNK,179,2
R_PAGE_CHUNK_C_0180_001,P_0180,C_0180_001,HAS_CHUNK,180,1
R_PAGE_CHUNK_C_0180_002,P_0180,C_0180_002,HAS_CHUNK,180,2
R_PAGE_CHUNK_C_0181_001,P_0181,C_0181_001,HAS_CHUNK,181,1
R_PAGE_CHUNK_C_0182_001,P_0182,C_0182_001,HAS_CHUNK,182,1
R_PAGE_CHUNK_C_0182_002,P_0182,C_0182_002,HAS_CHUNK,182,2
R_PAGE_CHUNK_C_0182_003,P_0182,C_0182_003,HAS_CHUNK,182,3
R_PAGE_CHUNK_C_0183_001,P_0183,C_0183_001,HAS_CHUNK,183,1
R_PAGE_CHUNK_C_0183_002,P_0183,C_0183_002,HAS_CHUNK,183,2
R_PAGE_CHUNK_C_0184_001,P_0184,C_0184_001,HAS_CHUNK,184,1
R_PAGE_CHUNK_C_0184_002,P_0184,C_0184_002,HAS_CHUNK,184,2
R_PAGE_CHUNK_C_0184_003,P_0184,C_0184_003,HAS_CHUNK,184,3
R_PAGE_CHUNK_C_0185_001,P_0185,C_0185_001,HAS_CHUNK,185,1
R_PAGE_CHUNK_C_0185_002,P_0185,C_0185_002,HAS_CHUNK,185,2
R_PAGE_CHUNK_C_0186_001,P_0186,C_0186_001,HAS_CHUNK,186,1
R_PAGE_CHUNK_C_0186_002,P_0186,C_0186_002,HAS_CHUNK,186,2
R_PAGE_CHUNK_C_0186_003,P_0186,C_0186_003,HAS_CHUNK,186,3
R_PAGE_CHUNK_C_0187_001,P_0187,C_0187_001,HAS_CHUNK,187,1
R_PAGE_CHUNK_C_0188_001,P_0188,C_0188_001,HAS_CHUNK,188,1
R_PAGE_CHUNK_C_0188_002,P_0188,C_0188_002,HAS_CHUNK,188,2
R_PAGE_CHUNK_C_0189_001,P_0189,C_0189_001,HAS_CHUNK,189,1
R_PAGE_CHUNK_C_0189_002,P_0189,C_0189_002,HAS_CHUNK,189,2
R_PAGE_CHUNK_C_0189_003,P_0189,C_0189_003,HAS_CHUNK,189,3
R_PAGE_CHUNK_C_0190_001,P_0190,C_0190_001,HAS_CHUNK,190,1
R_PAGE_CHUNK_C_0191_001,P_0191,C_0191_001,HAS_CHUNK,191,1
R_PAGE_CHUNK_C_0191_002,P_0191,C_0191_002,HAS_CHUNK,191,2
R_PAGE_CHUNK_C_0192_001,P_0192,C_0192_001,HAS_CHUNK,192,1
R_PAGE_CHUNK_C_0192_002,P_0192,C_0192_002,HAS_CHUNK,192,2
R_PAGE_CHUNK_C_0193_001,P_0193,C_0193_001,HAS_CHUNK,193,1
R_PAGE_CHUNK_C_0193_002,P_0193,C_0193_002,HAS_CHUNK,193,2
R_PAGE_CHUNK_C_0194_001,P_0194,C_0194_001,HAS_CHUNK,194,1
R_PAGE_CHUNK_C_0194_002,P_0194,C_0194_002,HAS_CHUNK,194,2
R_PAGE_CHUNK_C_0194_003,P_0194,C_0194_003,HAS_CHUNK,194,3
R_PAGE_CHUNK_C_0195_001,P_0195,C_0195_001,HAS_CHUNK,195,1
R_PAGE_CHUNK_C_0195_002,P_0195,C_0195_002,HAS_CHUNK,195,2
R_PAGE_CHUNK_C_0195_003,P_0195,C_0195_003,HAS_CHUNK,195,3
R_PAGE_CHUNK_C_0196_001,P_0196,C_0196_001,HAS_CHUNK,196,1
R_PAGE_CHUNK_C_0196_002,P_0196,C_0196_002,HAS_CHUNK,196,2
R_PAGE_CHUNK_C_0197_001,P_0197,C_0197_001,HAS_CHUNK,197,1
R_PAGE_CHUNK_C_0197_002,P_0197,C_0197_002,HAS_CHUNK,197,2
R_PAGE_CHUNK_C_0198_001,P_0198,C_0198_001,HAS_CHUNK,198,1
R_PAGE_CHUNK_C_0198_002,P_0198,C_0198_002,HAS_CHUNK,198,2
R_PAGE_CHUNK_C_0199_001,P_0199,C_0199_001,HAS_CHUNK,199,1
R_PAGE_CHUNK_C_0199_002,P_0199,C_0199_002,HAS_CHUNK,199,2
R_PAGE_CHUNK_C_0200_001,P_0200,C_0200_001,HAS_CHUNK,200,1
R_PAGE_CHUNK_C_0200_002,P_0200,C_0200_002,HAS_CHUNK,200,2
R_PAGE_CHUNK_C_0201_001,P_0201,C_0201_001,HAS_CHUNK,201,1
R_PAGE_CHUNK_C_0201_002,P_0201,C_0201_002,HAS_CHUNK,201,2
R_PAGE_CHUNK_C_0202_001,P_0202,C_0202_001,HAS_CHUNK,202,1
R_PAGE_CHUNK_C_0202_002,P_0202,C_0202_002,HAS_CHUNK,202,2
R_PAGE_CHUNK_C_0203_001,P_0203,C_0203_001,HAS_CHUNK,203,1
R_PAGE_CHUNK_C_0204_001,P_0204,C_0204_001,HAS_CHUNK,204,1
R_PAGE_CHUNK_C_0204_002,P_0204,C_0204_002,HAS_CHUNK,204,2
R_PAGE_CHUNK_C_0205_001,P_0205,C_0205_001,HAS_CHUNK,205,1
R_PAGE_CHUNK_C_0205_002,P_0205,C_0205_002,HAS_CHUNK,205,2
R_PAGE_CHUNK_C_0206_001,P_0206,C_0206_001,HAS_CHUNK,206,1
R_PAGE_CHUNK_C_0206_002,P_0206,C_0206_002,HAS_CHUNK,206,2
R_PAGE_CHUNK_C_0206_003,P_0206,C_0206_003,HAS_CHUNK,206,3
R_PAGE_CHUNK_C_0207_001,P_0207,C_0207_001,HAS_CHUNK,207,1
R_PAGE_CHUNK_C_0207_002,P_0207,C_0207_002,HAS_CHUNK,207,2
R_PAGE_CHUNK_C_0208_001,P_0208,C_0208_001,HAS_CHUNK,208,1
R_PAGE_CHUNK_C_0209_001,P_0209,C_0209_001,HAS_CHUNK,209,1
R_PAGE_CHUNK_C_0209_002,P_0209,C_0209_002,HAS_CHUNK,209,2
R_PAGE_CHUNK_C_0210_001,P_0210,C_0210_001,HAS_CHUNK,210,1
R_PAGE_CHUNK_C_0210_002,P_0210,C_0210_002,HAS_CHUNK,210,2
R_PAGE_CHUNK_C_0211_001,P_0211,C_0211_001,HAS_CHUNK,211,1
R_PAGE_CHUNK_C_0211_002,P_0211,C_0211_002,HAS_CHUNK,211,2
R_PAGE_CHUNK_C_0212_001,P_0212,C_0212_001,HAS_CHUNK,212,1
R_PAGE_CHUNK_C_0212_002,P_0212,C_0212_002,HAS_CHUNK,212,2
R_PAGE_CHUNK_C_0213_001,P_0213,C_0213_001,HAS_CHUNK,213,1
R_PAGE_CHUNK_C_0213_002,P_0213,C_0213_002,HAS_CHUNK,213,2
R_PAGE_CHUNK_C_0214_001,P_0214,C_0214_001,HAS_CHUNK,214,1
R_PAGE_CHUNK_C_0214_002,P_0214,C_0214_002,HAS_CHUNK,214,2
R_PAGE_CHUNK_C_0215_001,P_0215,C_0215_001,HAS_CHUNK,215,1
R_PAGE_CHUNK_C_0215_002,P_0215,C_0215_002,HAS_CHUNK,215,2
R_PAGE_CHUNK_C_0216_001,P_0216,C_0216_001,HAS_CHUNK,216,1
R_PAGE_CHUNK_C_0216_002,P_0216,C_0216_002,HAS_CHUNK,216,2
R_PAGE_CHUNK_C_0217_001,P_0217,C_0217_001,HAS_CHUNK,217,1
R_PAGE_CHUNK_C_0217_002,P_0217,C_0217_002,HAS_CHUNK,217,2
R_PAGE_CHUNK_C_0218_001,P_0218,C_0218_001,HAS_CHUNK,218,1
R_PAGE_CHUNK_C_0218_002,P_0218,C_0218_002,HAS_CHUNK,218,2
R_PAGE_CHUNK_C_0219_001,P_0219,C_0219_001,HAS_CHUNK,219,1
R_PAGE_CHUNK_C_0219_002,P_0219,C_0219_002,HAS_CHUNK,219,2
R_PAGE_CHUNK_C_0220_001,P_0220,C_0220_001,HAS_CHUNK,220,1
R_PAGE_CHUNK_C_0220_002,P_0220,C_0220_002,HAS_CHUNK,220,2
R_PAGE_CHUNK_C_0221_001,P_0221,C_0221_001,HAS_CHUNK,221,1
R_PAGE_CHUNK_C_0221_002,P_0221,C_0221_002,HAS_CHUNK,221,2
R_PAGE_CHUNK_C_0222_001,P_0222,C_0222_001,HAS_CHUNK,222,1
R_PAGE_CHUNK_C_0222_002,P_0222,C_0222_002,HAS_CHUNK,222,2
R_PAGE_CHUNK_C_0223_001,P_0223,C_0223_001,HAS_CHUNK,223,1
R_PAGE_CHUNK_C_0224_001,P_0224,C_0224_001,HAS_CHUNK,224,1
R_PAGE_CHUNK_C_0224_002,P_0224,C_0224_002,HAS_CHUNK,224,2
R_PAGE_CHUNK_C_0225_001,P_0225,C_0225_001,HAS_CHUNK,225,1
R_PAGE_CHUNK_C_0226_001,P_0226,C_0226_001,HAS_CHUNK,226,1
R_PAGE_CHUNK_C_0226_002,P_0226,C_0226_002,HAS_CHUNK,226,2
R_PAGE_CHUNK_C_0227_001,P_0227,C_0227_001,HAS_CHUNK,227,1
R_PAGE_CHUNK_C_0227_002,P_0227,C_0227_002,HAS_CHUNK,227,2
R_PAGE_CHUNK_C_0228_001,P_0228,C_0228_001,HAS_CHUNK,228,1
R_PAGE_CHUNK_C_0228_002,P_0228,C_0228_002,HAS_CHUNK,228,2
R_PAGE_CHUNK_C_0229_001,P_0229,C_0229_001,HAS_CHUNK,229,1
R_PAGE_CHUNK_C_0230_001,P_0230,C_0230_001,HAS_CHUNK,230,1
R_PAGE_CHUNK_C_0230_002,P_0230,C_0230_002,HAS_CHUNK,230,2
R_PAGE_CHUNK_C_0231_001,P_0231,C_0231_001,HAS_CHUNK,231,1
R_PAGE_CHUNK_C_0231_002,P_0231,C_0231_002,HAS_CHUNK,231,2
R_PAGE_CHUNK_C_0232_001,P_0232,C_0232_001,HAS_CHUNK,232,1
R_PAGE_CHUNK_C_0232_002,P_0232,C_0232_002,HAS_CHUNK,232,2
R_PAGE_CHUNK_C_0233_001,P_0233,C_0233_001,HAS_CHUNK,233,1
R_PAGE_CHUNK_C_0233_002,P_0233,C_0233_002,HAS_CHUNK,233,2
R_PAGE_CHUNK_C_0234_001,P_0234,C_0234_001,HAS_CHUNK,234,1
R_PAGE_CHUNK_C_0234_002,P_0234,C_0234_002,HAS_CHUNK,234,2
R_PAGE_CHUNK_C_0235_001,P_0235,C_0235_001,HAS_CHUNK,235,1
R_PAGE_CHUNK_C_0235_002,P_0235,C_0235_002,HAS_CHUNK,235,2
R_PAGE_CHUNK_C_0236_001,P_0236,C_0236_001,HAS_CHUNK,236,1
R_PAGE_CHUNK_C_0237_001,P_0237,C_0237_001,HAS_CHUNK,237,1
R_PAGE_CHUNK_C_0237_002,P_0237,C_0237_002,HAS_CHUNK,237,2
R_PAGE_CHUNK_C_0238_001,P_0238,C_0238_001,HAS_CHUNK,238,1
R_PAGE_CHUNK_C_0238_002,P_0238,C_0238_002,HAS_CHUNK,238,2
R_PAGE_CHUNK_C_0239_001,P_0239,C_0239_001,HAS_CHUNK,239,1
R_PAGE_CHUNK_C_0239_002,P_0239,C_0239_002,HAS_CHUNK,239,2
R_PAGE_CHUNK_C_0240_001,P_0240,C_0240_001,HAS_CHUNK,240,1
R_PAGE_CHUNK_C_0241_001,P_0241,C_0241_001,HAS_CHUNK,241,1
R_PAGE_CHUNK_C_0243_001,P_0243,C_0243_001,HAS_CHUNK,243,1
R_PAGE_CHUNK_C_0244_001,P_0244,C_0244_001,HAS_CHUNK,244,1
R_PAGE_CHUNK_C_0245_001,P_0245,C_0245_001,HAS_CHUNK,245,1
R_PAGE_CHUNK_C_0245_002,P_0245,C_0245_002,HAS_CHUNK,245,2
R_PAGE_CHUNK_C_0246_001,P_0246,C_0246_001,HAS_CHUNK,246,1
R_PAGE_CHUNK_C_0246_002,P_0246,C_0246_002,HAS_CHUNK,246,2
R_PAGE_CHUNK_C_0247_001,P_0247,C_0247_001,HAS_CHUNK,247,1
R_PAGE_CHUNK_C_0247_002,P_0247,C_0247_002,HAS_CHUNK,247,2
R_PAGE_CHUNK_C_0248_001,P_0248,C_0248_001,HAS_CHUNK,248,1
R_PAGE_CHUNK_C_0248_002,P_0248,C_0248_002,HAS_CHUNK,248,2
R_PAGE_CHUNK_C_0249_001,P_0249,C_0249_001,HAS_CHUNK,249,1
R_PAGE_CHUNK_C_0249_002,P_0249,C_0249_002,HAS_CHUNK,249,2
R_PAGE_CHUNK_C_0250_001,P_0250,C_0250_001,HAS_CHUNK,250,1
R_PAGE_CHUNK_C_0250_002,P_0250,C_0250_002,HAS_CHUNK,250,2
R_PAGE_CHUNK_C_0251_001,P_0251,C_0251_001,HAS_CHUNK,251,1
R_PAGE_CHUNK_C_0251_002,P_0251,C_0251_002,HAS_CHUNK,251,2
R_PAGE_CHUNK_C_0252_001,P_0252,C_0252_001,HAS_CHUNK,252,1
R_PAGE_CHUNK_C_0252_002,P_0252,C_0252_002,HAS_CHUNK,252,2
R_PAGE_CHUNK_C_0253_001,P_0253,C_0253_001,HAS_CHUNK,253,1
R_PAGE_CHUNK_C_0253_002,P_0253,C_0253_002,HAS_CHUNK,253,2
R_PAGE_CHUNK_C_0254_001,P_0254,C_0254_001,HAS_CHUNK,254,1
R_PAGE_CHUNK_C_0254_002,P_0254,C_0254_002,HAS_CHUNK,254,2
R_PAGE_CHUNK_C_0255_001,P_0255,C_0255_001,HAS_CHUNK,255,1
R_PAGE_CHUNK_C_0255_002,P_0255,C_0255_002,HAS_CHUNK,255,2
R_PAGE_CHUNK_C_0256_001,P_0256,C_0256_001,HAS_CHUNK,256,1
R_PAGE_CHUNK_C_0257_001,P_0257,C_0257_001,HAS_CHUNK,257,1
R_PAGE_CHUNK_C_0258_001,P_0258,C_0258_001,HAS_CHUNK,258,1
R_PAGE_CHUNK_C_0259_001,P_0259,C_0259_001,HAS_CHUNK,259,1
R_PAGE_CHUNK_C_0260_001,P_0260,C_0260_001,HAS_CHUNK,260,1
R_PAGE_CHUNK_C_0261_001,P_0261,C_0261_001,HAS_CHUNK,261,1
R_PAGE_CHUNK_C_0261_002,P_0261,C_0261_002,HAS_CHUNK,261,2
R_PAGE_CHUNK_C_0262_001,P_0262,C_0262_001,HAS_CHUNK,262,1
R_PAGE_CHUNK_C_0262_002,P_0262,C_0262_002,HAS_CHUNK,262,2
R_PAGE_CHUNK_C_0263_001,P_0263,C_0263_001,HAS_CHUNK,263,1
R_PAGE_CHUNK_C_0263_002,P_0263,C_0263_002,HAS_CHUNK,263,2
R_PAGE_CHUNK_C_0263_003,P_0263,C_0263_003,HAS_CHUNK,263,3
R_PAGE_CHUNK_C_0264_001,P_0264,C_0264_001,HAS_CHUNK,264,1
R_PAGE_CHUNK_C_0264_002,P_0264,C_0264_002,HAS_CHUNK,264,2
R_PAGE_CHUNK_C_0265_001,P_0265,C_0265_001,HAS_CHUNK,265,1
R_PAGE_CHUNK_C_0266_001,P_0266,C_0266_001,HAS_CHUNK,266,1
R_PAGE_CHUNK_C_0267_001,P_0267,C_0267_001,HAS_CHUNK,267,1
R_PAGE_CHUNK_C_0267_002,P_0267,C_0267_002,HAS_CHUNK,267,2
R_PAGE_CHUNK_C_0268_001,P_0268,C_0268_001,HAS_CHUNK,268,1
R_PAGE_CHUNK_C_0268_002,P_0268,C_0268_002,HAS_CHUNK,268,2
R_PAGE_CHUNK_C_0269_001,P_0269,C_0269_001,HAS_CHUNK,269,1
R_PAGE_CHUNK_C_0269_002,P_0269,C_0269_002,HAS_CHUNK,269,2
R_PAGE_CHUNK_C_0270_001,P_0270,C_0270_001,HAS_CHUNK,270,1
R_PAGE_CHUNK_C_0270_002,P_0270,C_0270_002,HAS_CHUNK,270,2
R_PAGE_CHUNK_C_0271_001,P_0271,C_0271_001,HAS_CHUNK,271,1
R_PAGE_CHUNK_C_0271_002,P_0271,C_0271_002,HAS_CHUNK,271,2
R_PAGE_CHUNK_C_0272_001,P_0272,C_0272_001,HAS_CHUNK,272,1
R_PAGE_CHUNK_C_0272_002,P_0272,C_0272_002,HAS_CHUNK,272,2
R_PAGE_CHUNK_C_0273_001,P_0273,C_0273_001,HAS_CHUNK,273,1
R_PAGE_CHUNK_C_0273_002,P_0273,C_0273_002,HAS_CHUNK,273,2
R_PAGE_CHUNK_C_0274_001,P_0274,C_0274_001,HAS_CHUNK,274,1
R_PAGE_CHUNK_C_0274_002,P_0274,C_0274_002,HAS_CHUNK,274,2
R_PAGE_CHUNK_C_0275_001,P_0275,C_0275_001,HAS_CHUNK,275,1
R_PAGE_CHUNK_C_0275_002,P_0275,C_0275_002,HAS_CHUNK,275,2
R_PAGE_CHUNK_C_0276_001,P_0276,C_0276_001,HAS_CHUNK,276,1
R_PAGE_CHUNK_C_0277_001,P_0277,C_0277_001,HAS_CHUNK,277,1
R_PAGE_CHUNK_C_0277_002,P_0277,C_0277_002,HAS_CHUNK,277,2
R_PAGE_CHUNK_C_0278_001,P_0278,C_0278_001,HAS_CHUNK,278,1
R_PAGE_CHUNK_C_0278_002,P_0278,C_0278_002,HAS_CHUNK,278,2
R_PAGE_CHUNK_C_0279_001,P_0279,C_0279_001,HAS_CHUNK,279,1
R_PAGE_CHUNK_C_0279_002,P_0279,C_0279_002,HAS_CHUNK,279,2
R_PAGE_CHUNK_C_0280_001,P_0280,C_0280_001,HAS_CHUNK,280,1
R_PAGE_CHUNK_C_0280_002,P_0280,C_0280_002,HAS_CHUNK,280,2
R_PAGE_CHUNK_C_0281_001,P_0281,C_0281_001,HAS_CHUNK,281,1
R_PAGE_CHUNK_C_0281_002,P_0281,C_0281_002,HAS_CHUNK,281,2
R_PAGE_CHUNK_C_0282_001,P_0282,C_0282_001,HAS_CHUNK,282,1
R_PAGE_CHUNK_C_0283_001,P_0283,C_0283_001,HAS_CHUNK,283,1
R_PAGE_CHUNK_C_0283_002,P_0283,C_0283_002,HAS_CHUNK,283,2
R_PAGE_CHUNK_C_0283_003,P_0283,C_0283_003,HAS_CHUNK,283,3
R_PAGE_CHUNK_C_0284_001,P_0284,C_0284_001,HAS_CHUNK,284,1
R_PAGE_CHUNK_C_0284_002,P_0284,C_0284_002,HAS_CHUNK,284,2
R_PAGE_CHUNK_C_0285_001,P_0285,C_0285_001,HAS_CHUNK,285,1
R_PAGE_CHUNK_C_0285_002,P_0285,C_0285_002,HAS_CHUNK,285,2
R_PAGE_CHUNK_C_0286_001,P_0286,C_0286_001,HAS_CHUNK,286,1
R_PAGE_CHUNK_C_0286_002,P_0286,C_0286_002,HAS_CHUNK,286,2
R_PAGE_CHUNK_C_0286_003,P_0286,C_0286_003,HAS_CHUNK,286,3
R_PAGE_CHUNK_C_0287_001,P_0287,C_0287_001,HAS_CHUNK,287,1
R_PAGE_CHUNK_C_0288_001,P_0288,C_0288_001,HAS_CHUNK,288,1
R_PAGE_CHUNK_C_0288_002,P_0288,C_0288_002,HAS_CHUNK,288,2
R_PAGE_CHUNK_C_0289_001,P_0289,C_0289_001,HAS_CHUNK,289,1
R_PAGE_CHUNK_C_0289_002,P_0289,C_0289_002,HAS_CHUNK,289,2
R_PAGE_CHUNK_C_0290_001,P_0290,C_0290_001,HAS_CHUNK,290,1
R_PAGE_CHUNK_C_0290_002,P_0290,C_0290_002,HAS_CHUNK,290,2
R_PAGE_CHUNK_C_0291_001,P_0291,C_0291_001,HAS_CHUNK,291,1
R_PAGE_CHUNK_C_0291_002,P_0291,C_0291_002,HAS_CHUNK,291,2
R_PAGE_CHUNK_C_0292_001,P_0292,C_0292_001,HAS_CHUNK,292,1
R_PAGE_CHUNK_C_0292_002,P_0292,C_0292_002,HAS_CHUNK,292,2
R_PAGE_CHUNK_C_0292_003,P_0292,C_0292_003,HAS_CHUNK,292,3
R_PAGE_CHUNK_C_0293_001,P_0293,C_0293_001,HAS_CHUNK,293,1
R_PAGE_CHUNK_C_0294_001,P_0294,C_0294_001,HAS_CHUNK,294,1
R_PAGE_CHUNK_C_0294_002,P_0294,C_0294_002,HAS_CHUNK,294,2
R_PAGE_CHUNK_C_0295_001,P_0295,C_0295_001,HAS_CHUNK,295,1
R_PAGE_CHUNK_C_0296_001,P_0296,C_0296_001,HAS_CHUNK,296,1
R_PAGE_CHUNK_C_0296_002,P_0296,C_0296_002,HAS_CHUNK,296,2
R_PAGE_CHUNK_C_0297_001,P_0297,C_0297_001,HAS_CHUNK,297,1
R_PAGE_CHUNK_C_0297_002,P_0297,C_0297_002,HAS_CHUNK,297,2
R_PAGE_CHUNK_C_0298_001,P_0298,C_0298_001,HAS_CHUNK,298,1
R_PAGE_CHUNK_C_0298_002,P_0298,C_0298_002,HAS_CHUNK,298,2
R_PAGE_CHUNK_C_0299_001,P_0299,C_0299_001,HAS_CHUNK,299,1
R_PAGE_CHUNK_C_0299_002,P_0299,C_0299_002,HAS_CHUNK,299,2
R_PAGE_CHUNK_C_0299_003,P_0299,C_0299_003,HAS_CHUNK,299,3
R_PAGE_CHUNK_C_0300_001,P_0300,C_0300_001,HAS_CHUNK,300,1
R_PAGE_CHUNK_C_0300_002,P_0300,C_0300_002,HAS_CHUNK,300,2
R_PAGE_CHUNK_C_0301_001,P_0301,C_0301_001,HAS_CHUNK,301,1
R_PAGE_CHUNK_C_0301_002,P_0301,C_0301_002,HAS_CHUNK,301,2
R_PAGE_CHUNK_C_0302_001,P_0302,C_0302_001,HAS_CHUNK,302,1
R_PAGE_CHUNK_C_0302_002,P_0302,C_0302_002,HAS_CHUNK,302,2
R_PAGE_CHUNK_C_0303_001,P_0303,C_0303_001,HAS_CHUNK,303,1
R_PAGE_CHUNK_C_0303_002,P_0303,C_0303_002,HAS_CHUNK,303,2
R_PAGE_CHUNK_C_0304_001,P_0304,C_0304_001,HAS_CHUNK,304,1
R_PAGE_CHUNK_C_0304_002,P_0304,C_0304_002,HAS_CHUNK,304,2
R_PAGE_CHUNK_C_0305_001,P_0305,C_0305_001,HAS_CHUNK,305,1
R_PAGE_CHUNK_C_0305_002,P_0305,C_0305_002,HAS_CHUNK,305,2
R_PAGE_CHUNK_C_0306_001,P_0306,C_0306_001,HAS_CHUNK,306,1
R_PAGE_CHUNK_C_0307_001,P_0307,C_0307_001,HAS_CHUNK,307,1
R_PAGE_CHUNK_C_0307_002,P_0307,C_0307_002,HAS_CHUNK,307,2
R_PAGE_CHUNK_C_0308_001,P_0308,C_0308_001,HAS_CHUNK,308,1
R_PAGE_CHUNK_C_0309_001,P_0309,C_0309_001,HAS_CHUNK,309,1
R_PAGE_CHUNK_C_0309_002,P_0309,C_0309_002,HAS_CHUNK,309,2
R_PAGE_CHUNK_C_0310_001,P_0310,C_0310_001,HAS_CHUNK,310,1
R_PAGE_CHUNK_C_0310_002,P_0310,C_0310_002,HAS_CHUNK,310,2
R_PAGE_CHUNK_C_0311_001,P_0311,C_0311_001,HAS_CHUNK,311,1
R_PAGE_CHUNK_C_0311_002,P_0311,C_0311_002,HAS_CHUNK,311,2
R_PAGE_CHUNK_C_0312_001,P_0312,C_0312_001,HAS_CHUNK,312,1
R_PAGE_CHUNK_C_0312_002,P_0312,C_0312_002,HAS_CHUNK,312,2
R_PAGE_CHUNK_C_0313_001,P_0313,C_0313_001,HAS_CHUNK,313,1
R_PAGE_CHUNK_C_0314_001,P_0314,C_0314_001,HAS_CHUNK,314,1
R_PAGE_CHUNK_C_0315_001,P_0315,C_0315_001,HAS_CHUNK,315,1
R_PAGE_CHUNK_C_0315_002,P_0315,C_0315_002,HAS_CHUNK,315,2
R_PAGE_CHUNK_C_0315_003,P_0315,C_0315_003,HAS_CHUNK,315,3
R_PAGE_CHUNK_C_0316_001,P_0316,C_0316_001,HAS_CHUNK,316,1
R_PAGE_CHUNK_C_0316_002,P_0316,C_0316_002,HAS_CHUNK,316,2
R_PAGE_CHUNK_C_0317_001,P_0317,C_0317_001,HAS_CHUNK,317,1
R_PAGE_CHUNK_C_0317_002,P_0317,C_0317_002,HAS_CHUNK,317,2
R_PAGE_CHUNK_C_0317_003,P_0317,C_0317_003,HAS_CHUNK,317,3
R_PAGE_CHUNK_C_0318_001,P_0318,C_0318_001,HAS_CHUNK,318,1
R_PAGE_CHUNK_C_0319_001,P_0319,C_0319_001,HAS_CHUNK,319,1
R_PAGE_CHUNK_C_0320_001,P_0320,C_0320_001,HAS_CHUNK,320,1
R_PAGE_CHUNK_C_0321_001,P_0321,C_0321_001,HAS_CHUNK,321,1
R_PAGE_CHUNK_C_0322_001,P_0322,C_0322_001,HAS_CHUNK,322,1
R_PAGE_CHUNK_C_0323_001,P_0323,C_0323_001,HAS_CHUNK,323,1
R_PAGE_CHUNK_C_0324_001,P_0324,C_0324_001,HAS_CHUNK,324,1
R_PAGE_CHUNK_C_0325_001,P_0325,C_0325_001,HAS_CHUNK,325,1
R_PAGE_CHUNK_C_0325_002,P_0325,C_0325_002,HAS_CHUNK,325,2
R_PAGE_CHUNK_C_0326_001,P_0326,C_0326_001,HAS_CHUNK,326,1
R_PAGE_CHUNK_C_0326_002,P_0326,C_0326_002,HAS_CHUNK,326,2
R_PAGE_CHUNK_C_0327_001,P_0327,C_0327_001,HAS_CHUNK,327,1
R_PAGE_CHUNK_C_0327_002,P_0327,C_0327_002,HAS_CHUNK,327,2
R_PAGE_CHUNK_C_0328_001,P_0328,C_0328_001,HAS_CHUNK,328,1
R_PAGE_CHUNK_C_0328_002,P_0328,C_0328_002,HAS_CHUNK,328,2
R_PAGE_CHUNK_C_0329_001,P_0329,C_0329_001,HAS_CHUNK,329,1
R_PAGE_CHUNK_C_0329_002,P_0329,C_0329_002,HAS_CHUNK,329,2
R_PAGE_CHUNK_C_0330_001,P_0330,C_0330_001,HAS_CHUNK,330,1
R_PAGE_CHUNK_C_0330_002,P_0330,C_0330_002,HAS_CHUNK,330,2
R_PAGE_CHUNK_C_0331_001,P_0331,C_0331_001,HAS_CHUNK,331,1
R_PAGE_CHUNK_C_0331_002,P_0331,C_0331_002,HAS_CHUNK,331,2
R_PAGE_CHUNK_C_0331_003,P_0331,C_0331_003,HAS_CHUNK,331,3
R_PAGE_CHUNK_C_0332_001,P_0332,C_0332_001,HAS_CHUNK,332,1
R_PAGE_CHUNK_C_0332_002,P_0332,C_0332_002,HAS_CHUNK,332,2
R_PAGE_CHUNK_C_0332_003,P_0332,C_0332_003,HAS_CHUNK,332,3
R_PAGE_CHUNK_C_0333_001,P_0333,C_0333_001,HAS_CHUNK,333,1
R_PAGE_CHUNK_C_0334_001,P_0334,C_0334_001,HAS_CHUNK,334,1
R_PAGE_CHUNK_C_0334_002,P_0334,C_0334_002,HAS_CHUNK,334,2
R_PAGE_CHUNK_C_0335_001,P_0335,C_0335_001,HAS_CHUNK,335,1
R_PAGE_CHUNK_C_0335_002,P_0335,C_0335_002,HAS_CHUNK,335,2
R_PAGE_CHUNK_C_0336_001,P_0336,C_0336_001,HAS_CHUNK,336,1
R_PAGE_CHUNK_C_0336_002,P_0336,C_0336_002,HAS_CHUNK,336,2
R_PAGE_CHUNK_C_0336_003,P_0336,C_0336_003,HAS_CHUNK,336,3
R_PAGE_CHUNK_C_0337_001,P_0337,C_0337_001,HAS_CHUNK,337,1
R_PAGE_CHUNK_C_0337_002,P_0337,C_0337_002,HAS_CHUNK,337,2
R_PAGE_CHUNK_C_0338_001,P_0338,C_0338_001,HAS_CHUNK,338,1
R_PAGE_CHUNK_C_0338_002,P_0338,C_0338_002,HAS_CHUNK,338,2
R_PAGE_CHUNK_C_0338_003,P_0338,C_0338_003,HAS_CHUNK,338,3
R_PAGE_CHUNK_C_0339_001,P_0339,C_0339_001,HAS_CHUNK,339,1
R_PAGE_CHUNK_C_0340_001,P_0340,C_0340_001,HAS_CHUNK,340,1
R_PAGE_CHUNK_C_0340_002,P_0340,C_0340_002,HAS_CHUNK,340,2
R_PAGE_CHUNK_C_0340_003,P_0340,C_0340_003,HAS_CHUNK,340,3
R_PAGE_CHUNK_C_0341_001,P_0341,C_0341_001,HAS_CHUNK,341,1
R_PAGE_CHUNK_C_0341_002,P_0341,C_0341_002,HAS_CHUNK,341,2
R_PAGE_CHUNK_C_0341_003,P_0341,C_0341_003,HAS_CHUNK,341,3
R_PAGE_CHUNK_C_0342_001,P_0342,C_0342_001,HAS_CHUNK,342,1
R_PAGE_CHUNK_C_0342_002,P_0342,C_0342_002,HAS_CHUNK,342,2
R_PAGE_CHUNK_C_0342_003,P_0342,C_0342_003,HAS_CHUNK,342,3
R_PAGE_CHUNK_C_0343_001,P_0343,C_0343_001,HAS_CHUNK,343,1
R_PAGE_CHUNK_C_0343_002,P_0343,C_0343_002,HAS_CHUNK,343,2
R_PAGE_CHUNK_C_0344_001,P_0344,C_0344_001,HAS_CHUNK,344,1
R_PAGE_CHUNK_C_0344_002,P_0344,C_0344_002,HAS_CHUNK,344,2
R_PAGE_CHUNK_C_0345_001,P_0345,C_0345_001,HAS_CHUNK,345,1
R_PAGE_CHUNK_C_0345_002,P_0345,C_0345_002,HAS_CHUNK,345,2
R_PAGE_CHUNK_C_0346_001,P_0346,C_0346_001,HAS_CHUNK,346,1
R_PAGE_CHUNK_C_0346_002,P_0346,C_0346_002,HAS_CHUNK,346,2
R_PAGE_CHUNK_C_0347_001,P_0347,C_0347_001,HAS_CHUNK,347,1
R_PAGE_CHUNK_C_0347_002,P_0347,C_0347_002,HAS_CHUNK,347,2
R_PAGE_CHUNK_C_0347_003,P_0347,C_0347_003,HAS_CHUNK,347,3
R_PAGE_CHUNK_C_0348_001,P_0348,C_0348_001,HAS_CHUNK,348,1
R_PAGE_CHUNK_C_0348_002,P_0348,C_0348_002,HAS_CHUNK,348,2
R_PAGE_CHUNK_C_0349_001,P_0349,C_0349_001,HAS_CHUNK,349,1
R_PAGE_CHUNK_C_0349_002,P_0349,C_0349_002,HAS_CHUNK,349,2
R_PAGE_CHUNK_C_0349_003,P_0349,C_0349_003,HAS_CHUNK,349,3
R_PAGE_CHUNK_C_0350_001,P_0350,C_0350_001,HAS_CHUNK,350,1
R_PAGE_CHUNK_C_0350_002,P_0350,C_0350_002,HAS_CHUNK,350,2
R_PAGE_CHUNK_C_0351_001,P_0351,C_0351_001,HAS_CHUNK,351,1
R_PAGE_CHUNK_C_0351_002,P_0351,C_0351_002,HAS_CHUNK,351,2
R_PAGE_CHUNK_C_0352_001,P_0352,C_0352_001,HAS_CHUNK,352,1
R_PAGE_CHUNK_C_0352_002,P_0352,C_0352_002,HAS_CHUNK,352,2
R_PAGE_CHUNK_C_0353_001,P_0353,C_0353_001,HAS_CHUNK,353,1
R_PAGE_CHUNK_C_0353_002,P_0353,C_0353_002,HAS_CHUNK,353,2
R_PAGE_CHUNK_C_0353_003,P_0353,C_0353_003,HAS_CHUNK,353,3
R_PAGE_CHUNK_C_0354_001,P_0354,C_0354_001,HAS_CHUNK,354,1
R_PAGE_CHUNK_C_0354_002,P_0354,C_0354_002,HAS_CHUNK,354,2
R_PAGE_CHUNK_C_0354_003,P_0354,C_0354_003,HAS_CHUNK,354,3
R_PAGE_CHUNK_C_0355_001,P_0355,C_0355_001,HAS_CHUNK,355,1
R_PAGE_CHUNK_C_0355_002,P_0355,C_0355_002,HAS_CHUNK,355,2
R_PAGE_CHUNK_C_0356_001,P_0356,C_0356_001,HAS_CHUNK,356,1
R_PAGE_CHUNK_C_0356_002,P_0356,C_0356_002,HAS_CHUNK,356,2
R_PAGE_CHUNK_C_0356_003,P_0356,C_0356_003,HAS_CHUNK,356,3
R_PAGE_CHUNK_C_0357_001,P_0357,C_0357_001,HAS_CHUNK,357,1
R_PAGE_CHUNK_C_0358_001,P_0358,C_0358_001,HAS_CHUNK,358,1
R_PAGE_CHUNK_C_0358_002,P_0358,C_0358_002,HAS_CHUNK,358,2
R_PAGE_CHUNK_C_0358_003,P_0358,C_0358_003,HAS_CHUNK,358,3
R_PAGE_CHUNK_C_0359_001,P_0359,C_0359_001,HAS_CHUNK,359,1
R_PAGE_CHUNK_C_0359_002,P_0359,C_0359_002,HAS_CHUNK,359,2
R_PAGE_CHUNK_C_0360_001,P_0360,C_0360_001,HAS_CHUNK,360,1
R_PAGE_CHUNK_C_0360_002,P_0360,C_0360_002,HAS_CHUNK,360,2
R_PAGE_CHUNK_C_0361_001,P_0361,C_0361_001,HAS_CHUNK,361,1
R_PAGE_CHUNK_C_0362_001,P_0362,C_0362_001,HAS_CHUNK,362,1
R_PAGE_CHUNK_C_0363_001,P_0363,C_0363_001,HAS_CHUNK,363,1
R_PAGE_CHUNK_C_0363_002,P_0363,C_0363_002,HAS_CHUNK,363,2
R_PAGE_CHUNK_C_0364_001,P_0364,C_0364_001,HAS_CHUNK,364,1
R_PAGE_CHUNK_C_0364_002,P_0364,C_0364_002,HAS_CHUNK,364,2
R_PAGE_CHUNK_C_0365_001,P_0365,C_0365_001,HAS_CHUNK,365,1
R_PAGE_CHUNK_C_0365_002,P_0365,C_0365_002,HAS_CHUNK,365,2
R_PAGE_CHUNK_C_0366_001,P_0366,C_0366_001,HAS_CHUNK,366,1
R_PAGE_CHUNK_C_0366_002,P_0366,C_0366_002,HAS_CHUNK,366,2
R_PAGE_CHUNK_C_0367_001,P_0367,C_0367_001,HAS_CHUNK,367,1
R_PAGE_CHUNK_C_0367_002,P_0367,C_0367_002,HAS_CHUNK,367,2
R_PAGE_CHUNK_C_0368_001,P_0368,C_0368_001,HAS_CHUNK,368,1
R_PAGE_CHUNK_C_0368_002,P_0368,C_0368_002,HAS_CHUNK,368,2
R_PAGE_CHUNK_C_0369_001,P_0369,C_0369_001,HAS_CHUNK,369,1
R_PAGE_CHUNK_C_0369_002,P_0369,C_0369_002,HAS_CHUNK,369,2
R_PAGE_CHUNK_C_0370_001,P_0370,C_0370_001,HAS_CHUNK,370,1
R_PAGE_CHUNK_C_0370_002,P_0370,C_0370_002,HAS_CHUNK,370,2
R_PAGE_CHUNK_C_0371_001,P_0371,C_0371_001,HAS_CHUNK,371,1
R_PAGE_CHUNK_C_0371_002,P_0371,C_0371_002,HAS_CHUNK,371,2
R_PAGE_CHUNK_C_0372_001,P_0372,C_0372_001,HAS_CHUNK,372,1
R_PAGE_CHUNK_C_0372_002,P_0372,C_0372_002,HAS_CHUNK,372,2
R_PAGE_CHUNK_C_0373_001,P_0373,C_0373_001,HAS_CHUNK,373,1
R_PAGE_CHUNK_C_0373_002,P_0373,C_0373_002,HAS_CHUNK,373,2
R_PAGE_CHUNK_C_0374_001,P_0374,C_0374_001,HAS_CHUNK,374,1
R_PAGE_CHUNK_C_0374_002,P_0374,C_0374_002,HAS_CHUNK,374,2
R_PAGE_CHUNK_C_0375_001,P_0375,C_0375_001,HAS_CHUNK,375,1
R_PAGE_CHUNK_C_0375_002,P_0375,C_0375_002,HAS_CHUNK,375,2
R_PAGE_CHUNK_C_0376_001,P_0376,C_0376_001,HAS_CHUNK,376,1
R_PAGE_CHUNK_C_0376_002,P_0376,C_0376_002,HAS_CHUNK,376,2
R_PAGE_CHUNK_C_0377_001,P_0377,C_0377_001,HAS_CHUNK,377,1
R_PAGE_CHUNK_C_0377_002,P_0377,C_0377_002,HAS_CHUNK,377,2
R_PAGE_CHUNK_C_0378_001,P_0378,C_0378_001,HAS_CHUNK,378,1
R_PAGE_CHUNK_C_0378_002,P_0378,C_0378_002,HAS_CHUNK,378,2
R_PAGE_CHUNK_C_0379_001,P_0379,C_0379_001,HAS_CHUNK,379,1
R_PAGE_CHUNK_C_0379_002,P_0379,C_0379_002,HAS_CHUNK,379,2
R_PAGE_CHUNK_C_0380_001,P_0380,C_0380_001,HAS_CHUNK,380,1
R_PAGE_CHUNK_C_0380_002,P_0380,C_0380_002,HAS_CHUNK,380,2
R_PAGE_CHUNK_C_0381_001,P_0381,C_0381_001,HAS_CHUNK,381,1
R_PAGE_CHUNK_C_0381_002,P_0381,C_0381_002,HAS_CHUNK,381,2
R_PAGE_CHUNK_C_0382_001,P_0382,C_0382_001,HAS_CHUNK,382,1
R_PAGE_CHUNK_C_0382_002,P_0382,C_0382_002,HAS_CHUNK,382,2
R_PAGE_CHUNK_C_0383_001,P_0383,C_0383_001,HAS_CHUNK,383,1
R_PAGE_CHUNK_C_0383_002,P_0383,C_0383_002,HAS_CHUNK,383,2
R_PAGE_CHUNK_C_0384_001,P_0384,C_0384_001,HAS_CHUNK,384,1
R_PAGE_CHUNK_C_0384_002,P_0384,C_0384_002,HAS_CHUNK,384,2
R_PAGE_CHUNK_C_0385_001,P_0385,C_0385_001,HAS_CHUNK,385,1
R_PAGE_CHUNK_C_0385_002,P_0385,C_0385_002,HAS_CHUNK,385,2
R_PAGE_CHUNK_C_0385_003,P_0385,C_0385_003,HAS_CHUNK,385,3
R_PAGE_CHUNK_C_0386_001,P_0386,C_0386_001,HAS_CHUNK,386,1
R_PAGE_CHUNK_C_0386_002,P_0386,C_0386_002,HAS_CHUNK,386,2
R_PAGE_CHUNK_C_0387_001,P_0387,C_0387_001,HAS_CHUNK,387,1
R_PAGE_CHUNK_C_0387_002,P_0387,C_0387_002,HAS_CHUNK,387,2
R_PAGE_CHUNK_C_0388_001,P_0388,C_0388_001,HAS_CHUNK,388,1
R_PAGE_CHUNK_C_0388_002,P_0388,C_0388_002,HAS_CHUNK,388,2
R_PAGE_CHUNK_C_0389_001,P_0389,C_0389_001,HAS_CHUNK,389,1
R_PAGE_CHUNK_C_0389_002,P_0389,C_0389_002,HAS_CHUNK,389,2
R_PAGE_CHUNK_C_0389_003,P_0389,C_0389_003,HAS_CHUNK,389,3
R_PAGE_CHUNK_C_0390_001,P_0390,C_0390_001,HAS_CHUNK,390,1
R_PAGE_CHUNK_C_0390_002,P_0390,C_0390_002,HAS_CHUNK,390,2
R_PAGE_CHUNK_C_0391_001,P_0391,C_0391_001,HAS_CHUNK,391,1
R_PAGE_CHUNK_C_0391_002,P_0391,C_0391_002,HAS_CHUNK,391,2
R_PAGE_CHUNK_C_0392_001,P_0392,C_0392_001,HAS_CHUNK,392,1
R_PAGE_CHUNK_C_0392_002,P_0392,C_0392_002,HAS_CHUNK,392,2
R_PAGE_CHUNK_C_0393_001,P_0393,C_0393_001,HAS_CHUNK,393,1
R_PAGE_CHUNK_C_0393_002,P_0393,C_0393_002,HAS_CHUNK,393,2
R_PAGE_CHUNK_C_0394_001,P_0394,C_0394_001,HAS_CHUNK,394,1
R_PAGE_CHUNK_C_0394_002,P_0394,C_0394_002,HAS_CHUNK,394,2
R_PAGE_CHUNK_C_0395_001,P_0395,C_0395_001,HAS_CHUNK,395,1
R_PAGE_CHUNK_C_0395_002,P_0395,C_0395_002,HAS_CHUNK,395,2
R_PAGE_CHUNK_C_0396_001,P_0396,C_0396_001,HAS_CHUNK,396,1
R_PAGE_CHUNK_C_0397_001,P_0397,C_0397_001,HAS_CHUNK,397,1
R_PAGE_CHUNK_C_0398_001,P_0398,C_0398_001,HAS_CHUNK,398,1
R_PAGE_CHUNK_C_0398_002,P_0398,C_0398_002,HAS_CHUNK,398,2
