relation_id,page_id,image_id,relation_type,pdf_page,printed_page,occurrence_index_on_page,xref,bbox_x0,bbox_y0,bbox_x1,bbox_y1,page_coverage
rel_page_image_000002,P_0001,img_000129,CONTAINS_IMAGE,1,,2,2355,229.001465,352.252991,379.749451,445.079498,0.0275486197
rel_page_image_000004,P_0001,img_000651,CONTAINS_IMAGE,1,,4,2358,228.09198,352.25,362.59198,446.049988,0.0248371283
rel_page_image_000005,P_0003,img_000255,CONTAINS_IMAGE,3,,1,7,278.950012,659.100037,330.07782,707.900024,0.004980212
rel_page_image_000006,P_0023,img_000713,CONTAINS_IMAGE,23,11,1,68,68.650002,352.400024,536.850037,767.400024,0.3878381097
rel_page_image_000007,P_0024,img_000649,CONTAINS_IMAGE,24,12,1,72,117.349998,99.299988,525.16449,580.950073,0.3920714676
rel_page_image_000008,P_0028,img_000167,CONTAINS_IMAGE,28,16,1,85,56.0928,100.240402,267.092804,344.320404,0.1027982222
rel_page_image_000010,P_0028,img_000678,CONTAINS_IMAGE,28,16,3,87,357.978302,660.165527,524.988281,765.755493,0.0351994611
rel_page_image_000012,P_0028,img_000378,CONTAINS_IMAGE,28,16,5,89,156.800003,684.949951,225.670013,764.849976,0.0109836833
rel_page_image_000013,P_0028,img_000182,CONTAINS_IMAGE,28,16,6,90,242.699997,694.75,341.109985,765.150024,0.0138287502
rel_page_image_000014,P_0029,img_000482,CONTAINS_IMAGE,29,17,1,94,70.849998,661.450012,244.372009,765.200012,0.0359346666
rel_page_image_000015,P_0029,img_000301,CONTAINS_IMAGE,29,17,2,95,301.049988,634.5,519.921997,764.950012,0.0569908706
rel_page_image_000016,P_0030,img_000734,CONTAINS_IMAGE,30,18,1,99,137.699997,563.949951,299.917999,644.349976,0.0260331171
rel_page_image_000017,P_0030,img_000699,CONTAINS_IMAGE,30,18,2,100,356.450012,575.799988,524.473999,644.700012,0.0231079598
rel_page_image_000018,P_0030,img_000725,CONTAINS_IMAGE,30,18,3,101,56.700001,99.299973,230.199997,202.599976,0.0357742672
rel_page_image_000019,P_0030,img_000180,CONTAINS_IMAGE,30,18,4,102,56.700001,245.749985,230.916,350.299988,0.0363565806
rel_page_image_000020,P_0030,img_000485,CONTAINS_IMAGE,30,18,5,103,56.700001,384.800018,230.222,488.700012,0.0359866158
rel_page_image_000021,P_0031,img_000048,CONTAINS_IMAGE,31,19,1,107,62.040001,458.316406,421.06012,526.73999,0.0490337996
rel_page_image_000025,P_0031,img_000298,CONTAINS_IMAGE,31,19,5,108,333.100006,561.050049,538.791992,675.400024,0.0469487886
rel_page_image_000026,P_0032,img_000476,CONTAINS_IMAGE,32,20,1,115,56.700001,275.0,274.880005,404.25,0.0562880807
rel_page_image_000027,P_0032,img_000679,CONTAINS_IMAGE,32,20,2,116,71.199997,578.25,262.0,729.650024,0.0576600833
rel_page_image_000028,P_0032,img_000215,CONTAINS_IMAGE,32,20,3,117,319.537811,577.422485,526.527893,730.562378,0.0632716
rel_page_image_000030,P_0033,img_000091,CONTAINS_IMAGE,33,21,1,122,70.849998,345.199982,262.130005,496.549988,0.0577860439
rel_page_image_000031,P_0033,img_000346,CONTAINS_IMAGE,33,21,2,123,278.350006,345.199982,468.660004,495.299988,0.0570181676
rel_page_image_000032,P_0033,img_000083,CONTAINS_IMAGE,33,21,3,124,330.850006,99.299973,538.719971,257.349976,0.0655778529
rel_page_image_000033,P_0033,img_000738,CONTAINS_IMAGE,33,21,4,125,428.049988,572.299988,544.179993,742.799988,0.039522078
rel_page_image_000034,P_0034,img_000656,CONTAINS_IMAGE,34,22,1,129,82.550003,99.300003,279.580017,325.0,0.0887635952
rel_page_image_000035,P_0034,img_000161,CONTAINS_IMAGE,34,22,2,130,336.100006,150.549973,515.630005,324.849976,0.0624604869
rel_page_image_000036,P_0034,img_000028,CONTAINS_IMAGE,34,22,3,131,184.350006,359.25,520.150024,544.5,0.124168054
rel_page_image_000037,P_0034,img_000434,CONTAINS_IMAGE,34,22,4,132,56.700001,564.699951,208.599991,763.799927,0.0603670419
rel_page_image_000038,P_0035,img_000680,CONTAINS_IMAGE,35,23,1,136,70.849998,538.099976,289.991608,669.0,0.0572579133
rel_page_image_000039,P_0035,img_000365,CONTAINS_IMAGE,35,23,2,137,332.799988,544.849976,540.386597,668.0,0.0510275573
rel_page_image_000040,P_0035,img_000356,CONTAINS_IMAGE,35,23,3,138,319.899994,99.300079,538.758179,229.700073,0.0569654204
rel_page_image_000041,P_0036,img_000397,CONTAINS_IMAGE,36,24,1,142,75.849998,169.049988,250.317993,332.399994,0.0568860616
rel_page_image_000042,P_0036,img_000537,CONTAINS_IMAGE,36,24,2,143,57.099998,375.449982,250.320007,580.049988,0.0789093894
rel_page_image_000043,P_0036,img_000440,CONTAINS_IMAGE,36,24,3,144,101.599998,623.450012,250.410004,728.400024,0.0311735002
rel_page_image_000044,P_0038,img_000073,CONTAINS_IMAGE,38,26,1,151,184.300003,408.050018,423.350006,635.400024,0.1084812464
rel_page_image_000045,P_0040,img_000038,CONTAINS_IMAGE,40,28,1,158,184.350006,99.299988,411.410004,297.049988,0.089624772
rel_page_image_000046,P_0042,img_000348,CONTAINS_IMAGE,42,30,1,165,182.609497,537.113098,370.723877,739.185303,0.0758751421
rel_page_image_000048,P_0043,img_000155,CONTAINS_IMAGE,43,31,1,170,70.093498,444.767822,245.040588,611.73822,0.0583065236
rel_page_image_000050,P_0043,img_000220,CONTAINS_IMAGE,43,31,3,172,299.873413,444.048401,477.789215,610.768982,0.0592072215
rel_page_image_000052,P_0043,img_000398,CONTAINS_IMAGE,43,31,5,2190,337.350006,99.299973,538.719971,210.099976,0.0445354053
rel_page_image_000053,P_0046,img_000413,CONTAINS_IMAGE,46,34,1,183,56.700001,99.299927,517.400024,681.950012,0.5357929463
rel_page_image_000054,P_0047,img_000368,CONTAINS_IMAGE,47,35,1,187,103.849998,99.300049,506.283691,679.400024,0.4659809087
rel_page_image_000055,P_0051,img_000293,CONTAINS_IMAGE,51,39,1,200,70.849998,498.600006,260.679993,538.200012,0.0150048283
rel_page_image_000056,P_0051,img_000148,CONTAINS_IMAGE,51,39,2,201,70.849998,588.699951,231.395111,671.099976,0.0264055594
rel_page_image_000057,P_0051,img_000139,CONTAINS_IMAGE,51,39,3,202,288.0,572.599976,450.695801,670.849976,0.0319065499
rel_page_image_000058,P_0052,img_000623,CONTAINS_IMAGE,52,40,1,206,56.700001,99.300026,271.730011,223.400024,0.0532649832
rel_page_image_000059,P_0052,img_000536,CONTAINS_IMAGE,52,40,2,207,70.550003,289.099976,285.580017,416.799988,0.0548101467
rel_page_image_000060,P_0052,img_000562,CONTAINS_IMAGE,52,40,3,208,342.450012,289.099976,524.380005,414.549988,0.0455560386
rel_page_image_000061,P_0052,img_000043,CONTAINS_IMAGE,52,40,4,209,56.700001,471.099976,156.75,632.049988,0.0321424551
rel_page_image_000062,P_0053,img_000628,CONTAINS_IMAGE,53,41,1,213,68.599998,101.100021,263.720001,255.150024,0.0599976786
rel_page_image_000063,P_0053,img_000453,CONTAINS_IMAGE,53,41,2,214,316.049988,100.149994,410.849976,254.75,0.029254234
rel_page_image_000064,P_0053,img_000286,CONTAINS_IMAGE,53,41,3,215,70.849998,332.599976,274.14209,418.049988,0.0346739689
rel_page_image_000065,P_0053,img_000002,CONTAINS_IMAGE,53,41,4,216,330.799988,298.300018,535.061523,418.200012,0.0488851212
rel_page_image_000066,P_0053,img_000019,CONTAINS_IMAGE,53,41,5,217,320.350006,534.600037,538.75,666.900024,0.0576744377
rel_page_image_000067,P_0054,img_000737,CONTAINS_IMAGE,54,42,1,221,153.899994,163.900024,217.25,288.900024,0.0158062052
rel_page_image_000068,P_0054,img_000511,CONTAINS_IMAGE,54,42,2,222,56.700001,320.950012,217.25,519.150024,0.0635162614
rel_page_image_000069,P_0055,img_000599,CONTAINS_IMAGE,55,43,1,226,70.849998,98.100006,352.350006,404.950012,0.1724151761
rel_page_image_000070,P_0056,img_000539,CONTAINS_IMAGE,56,44,1,230,131.0,418.75,307.880005,531.450012,0.0397899733
rel_page_image_000071,P_0056,img_000120,CONTAINS_IMAGE,56,44,2,231,364.600006,411.100006,524.450012,531.25,0.0383360491
rel_page_image_000072,P_0056,img_000473,CONTAINS_IMAGE,56,44,3,232,86.199997,585.100037,277.26001,709.400024,0.0474036553
rel_page_image_000073,P_0056,img_000529,CONTAINS_IMAGE,56,44,4,233,333.700012,584.350037,523.040039,709.650024,0.0473548435
rel_page_image_000074,P_0059,img_000020,CONTAINS_IMAGE,59,47,1,243,325.649994,192.650009,538.780029,319.200012,0.0538366168
rel_page_image_000075,P_0065,img_000521,CONTAINS_IMAGE,65,53,1,262,311.0,359.100006,543.847717,728.25,0.1715717548
rel_page_image_000076,P_0066,img_000101,CONTAINS_IMAGE,66,54,1,266,184.350006,514.049988,425.529999,638.25,0.0597907304
rel_page_image_000077,P_0066,img_000695,CONTAINS_IMAGE,66,54,2,267,79.849998,610.049988,167.480103,765.599976,0.0272078517
rel_page_image_000078,P_0066,img_000394,CONTAINS_IMAGE,66,54,3,268,259.471588,99.827286,445.956177,250.97998,0.0562638937
rel_page_image_000079,P_0067,img_000543,CONTAINS_IMAGE,67,55,1,272,70.849998,465.299988,366.5,611.25,0.0861297058
rel_page_image_000080,P_0068,img_000650,CONTAINS_IMAGE,68,56,1,276,80.8283,99.384872,170.81839,288.764771,0.0340172737
rel_page_image_000082,P_0068,img_000012,CONTAINS_IMAGE,68,56,3,278,184.350006,521.800049,373.230011,594.150024,0.0272769192
rel_page_image_000083,P_0068,img_000470,CONTAINS_IMAGE,68,56,4,279,53.2453,639.29834,169.29361,773.27417,0.03103389
rel_page_image_000085,P_0069,img_000446,CONTAINS_IMAGE,69,57,1,284,68.849998,93.430023,285.839996,211.590027,0.0511777459
rel_page_image_000086,P_0071,img_000516,CONTAINS_IMAGE,71,59,1,291,68.699997,334.299988,289.720001,466.349976,0.0582560308
rel_page_image_000087,P_0071,img_000200,CONTAINS_IMAGE,71,59,2,292,71.793404,573.894653,347.813293,772.614624,0.1094845494
rel_page_image_000089,P_0071,img_000305,CONTAINS_IMAGE,71,59,4,294,57.456402,99.478821,542.436401,313.088623,0.2067835322
rel_page_image_000091,P_0072,img_000641,CONTAINS_IMAGE,72,60,1,299,184.638199,287.142639,375.720001,522.027832,0.0895871894
rel_page_image_000093,P_0072,img_000208,CONTAINS_IMAGE,72,60,3,301,415.0,414.600006,524.450012,521.25,0.0232995532
rel_page_image_000094,P_0072,img_000291,CONTAINS_IMAGE,72,60,4,302,53.099998,501.799988,142.643005,591.0,0.0159429077
rel_page_image_000095,P_0072,img_000386,CONTAINS_IMAGE,72,60,5,303,53.099998,644.799988,142.643005,734.5,0.0160322737
rel_page_image_000096,P_0073,img_000575,CONTAINS_IMAGE,73,61,1,307,428.049988,242.600006,532.445068,346.450012,0.0216400123
rel_page_image_000097,P_0073,img_000330,CONTAINS_IMAGE,73,61,2,308,442.649994,99.300011,532.39801,189.450012,0.0161495914
rel_page_image_000098,P_0073,img_000058,CONTAINS_IMAGE,73,61,3,309,70.849998,522.099976,259.149994,765.799988,0.0915960622
rel_page_image_000099,P_0073,img_000591,CONTAINS_IMAGE,73,61,4,310,402.0,562.599976,544.979919,769.599976,0.0590767148
rel_page_image_000100,P_0074,img_000345,CONTAINS_IMAGE,74,62,1,314,45.900002,610.900024,167.600006,735.0,0.0301462456
rel_page_image_000101,P_0075,img_000361,CONTAINS_IMAGE,75,63,1,318,331.717896,97.964081,538.75238,281.554077,0.0758687006
rel_page_image_000103,P_0075,img_000185,CONTAINS_IMAGE,75,63,3,320,427.950012,317.100006,565.929993,455.700012,0.0381724708
rel_page_image_000104,P_0075,img_000249,CONTAINS_IMAGE,75,63,4,321,425.950012,491.099976,569.63031,633.349976,0.0407962681
rel_page_image_000105,P_0077,img_000709,CONTAINS_IMAGE,77,65,1,328,346.799988,99.300003,538.815979,290.5,0.0732818159
rel_page_image_000106,P_0079,img_000729,CONTAINS_IMAGE,79,67,1,335,70.849998,647.5,251.799988,757.200012,0.0396219806
rel_page_image_000107,P_0079,img_000032,CONTAINS_IMAGE,79,67,2,336,308.61969,641.141785,485.683472,759.012878,0.0416589186
rel_page_image_000109,P_0080,img_000170,CONTAINS_IMAGE,80,68,1,341,67.699997,99.300079,268.109985,234.200073,0.0539637642
rel_page_image_000110,P_0080,img_000164,CONTAINS_IMAGE,80,68,2,342,324.850006,109.499985,524.51001,224.049988,0.0456517177
rel_page_image_000111,P_0081,img_000287,CONTAINS_IMAGE,81,69,1,346,70.849998,99.300018,248.230011,275.150024,0.0622612752
rel_page_image_000112,P_0081,img_000100,CONTAINS_IMAGE,81,69,2,347,304.75,160.349991,473.01001,282.299988,0.0409575195
rel_page_image_000113,P_0081,img_000698,CONTAINS_IMAGE,81,69,3,348,396.850006,455.299988,538.690002,617.099976,0.0458087181
rel_page_image_000114,P_0081,img_000104,CONTAINS_IMAGE,81,69,4,349,409.350006,651.349976,538.719971,745.299988,0.0242605836
rel_page_image_000115,P_0082,img_000084,CONTAINS_IMAGE,82,70,1,353,26.25,99.299988,167.389999,274.799988,0.0494422441
rel_page_image_000116,P_0082,img_000480,CONTAINS_IMAGE,82,70,2,354,25.799999,336.0,122.5,481.100006,0.0280068878
rel_page_image_000117,P_0083,img_000263,CONTAINS_IMAGE,83,71,1,358,78.449997,328.349976,335.469971,423.649963,0.0488911962
rel_page_image_000118,P_0083,img_000077,CONTAINS_IMAGE,83,71,2,359,380.049988,334.799988,526.709961,422.649994,0.0257172389
rel_page_image_000119,P_0083,img_000722,CONTAINS_IMAGE,83,71,3,360,198.449997,99.300018,451.869995,290.650024,0.0967921879
rel_page_image_000120,P_0084,img_000436,CONTAINS_IMAGE,84,72,1,364,56.700001,277.599976,243.669998,387.649963,0.0410707717
rel_page_image_000121,P_0084,img_000280,CONTAINS_IMAGE,84,72,2,365,300.200012,261.600006,513.809998,389.75,0.0546400493
rel_page_image_000122,P_0084,img_000193,CONTAINS_IMAGE,84,72,3,366,57.299999,99.300072,240.400009,226.450073,0.0464703218
rel_page_image_000123,P_0085,img_000688,CONTAINS_IMAGE,85,73,1,370,503.25,330.299988,538.749878,453.349976,0.008719255
rel_page_image_000124,P_0085,img_000732,CONTAINS_IMAGE,85,73,2,371,410.149994,501.749969,538.809998,712.599976,0.0541487107
rel_page_image_000125,P_0086,img_000064,CONTAINS_IMAGE,86,74,1,375,57.299999,99.300018,250.020004,296.650024,0.0759162741
rel_page_image_000126,P_0086,img_000399,CONTAINS_IMAGE,86,74,2,376,412.957611,462.365204,474.957611,748.425293,0.0354013564
rel_page_image_000128,P_0087,img_000430,CONTAINS_IMAGE,87,75,1,381,70.849998,230.849991,225.910004,358.549988,0.0395240667
rel_page_image_000129,P_0088,img_000743,CONTAINS_IMAGE,88,76,1,385,121.75,297.5,293.115997,463.950012,0.0569350134
rel_page_image_000130,P_0088,img_000119,CONTAINS_IMAGE,88,76,2,386,349.700012,289.050018,524.666016,463.700012,0.060994853
rel_page_image_000131,P_0088,img_000228,CONTAINS_IMAGE,88,76,3,387,55.361698,548.059875,143.358994,738.161682,0.0333907759
rel_page_image_000132,P_0089,img_000494,CONTAINS_IMAGE,89,77,1,391,428.541412,96.535187,553.541382,455.815186,0.0896424856
rel_page_image_000134,P_0089,img_000118,CONTAINS_IMAGE,89,77,3,393,279.149994,268.0,375.869995,403.549988,0.0261689754
rel_page_image_000135,P_0089,img_000288,CONTAINS_IMAGE,89,77,4,394,70.849998,240.450012,222.5,392.850006,0.0461315781
rel_page_image_000136,P_0090,img_000197,CONTAINS_IMAGE,90,78,1,398,142.300003,595.700012,332.400024,719.549988,0.0469947165
rel_page_image_000137,P_0090,img_000429,CONTAINS_IMAGE,90,78,2,399,389.200012,636.200012,513.26001,719.25,0.0205656426
rel_page_image_000138,P_0091,img_000454,CONTAINS_IMAGE,91,79,1,403,419.350006,559.25,542.466003,729.549988,0.0418504418
rel_page_image_000139,P_0092,img_000175,CONTAINS_IMAGE,92,80,1,407,56.700001,340.850006,140.199997,461.450012,0.0201004013
rel_page_image_000140,P_0093,img_000039,CONTAINS_IMAGE,93,81,1,411,379.950012,433.550018,538.117798,620.450012,0.0590062839
rel_page_image_000141,P_0094,img_000102,CONTAINS_IMAGE,94,82,1,415,56.700001,361.800018,189.902603,537.400024,0.0466883127
rel_page_image_000142,P_0098,img_000174,CONTAINS_IMAGE,98,86,1,428,56.700001,354.150085,223.759995,704.400085,0.116794273
rel_page_image_000143,P_0099,img_000594,CONTAINS_IMAGE,99,87,1,432,70.849998,99.300003,320.220001,273.25,0.0865843854
rel_page_image_000144,P_0099,img_000448,CONTAINS_IMAGE,99,87,2,433,391.899994,443.449982,538.780029,532.299988,0.026049007
rel_page_image_000145,P_0099,img_000063,CONTAINS_IMAGE,99,87,3,434,482.428406,575.676819,538.428406,735.026917,0.0178119433
rel_page_image_000147,P_0101,img_000096,CONTAINS_IMAGE,101,89,1,442,428.25,99.299973,540.34198,183.599976,0.018861363
rel_page_image_000148,P_0101,img_000555,CONTAINS_IMAGE,101,89,2,443,428.049988,235.399994,547.817993,440.149994,0.048948081
rel_page_image_000149,P_0102,img_000560,CONTAINS_IMAGE,102,90,1,447,184.350006,561.649963,279.860016,752.099976,0.0363078755
rel_page_image_000150,P_0102,img_000604,CONTAINS_IMAGE,102,90,2,448,391.299988,558.75,488.509979,748.450012,0.0368085921
rel_page_image_000151,P_0102,img_000550,CONTAINS_IMAGE,102,90,3,449,56.700001,129.949997,244.369995,250.75,0.0452514739
rel_page_image_000152,P_0103,img_000728,CONTAINS_IMAGE,103,91,1,453,390.5,244.099991,538.780029,443.399994,0.0589876251
rel_page_image_000342,P_0111,img_000706,CONTAINS_IMAGE,111,99,1,508,295.25,271.400024,501.899994,425.200012,0.063439922
rel_page_image_000343,P_0111,img_000538,CONTAINS_IMAGE,111,99,2,509,70.949997,247.800003,242.809998,426.100006,0.0611641722
rel_page_image_000344,P_0119,img_000670,CONTAINS_IMAGE,119,107,1,534,427.75,504.100006,547.51001,639.75,0.0324266844
rel_page_image_000345,P_0120,img_000418,CONTAINS_IMAGE,120,108,1,538,142.785294,622.685425,343.898895,747.234924,0.0499982004
rel_page_image_000347,P_0120,img_000461,CONTAINS_IMAGE,120,108,3,540,366.909912,646.194824,524.963196,749.114319,0.0324692391
rel_page_image_000349,P_0121,img_000463,CONTAINS_IMAGE,121,109,1,545,411.600006,99.300026,539.040039,178.150024,0.0200575788
rel_page_image_000350,P_0121,img_000432,CONTAINS_IMAGE,121,109,2,546,70.849998,651.200012,241.230011,756.5,0.0358111205
rel_page_image_000351,P_0121,img_000548,CONTAINS_IMAGE,121,109,3,547,51.400002,506.299988,258.51001,614.849976,0.0448747258
rel_page_image_000352,P_0121,img_000664,CONTAINS_IMAGE,121,109,4,548,308.265808,536.88031,531.255798,746.900208,0.0934795802
rel_page_image_000354,P_0122,img_000414,CONTAINS_IMAGE,122,110,1,553,53.349998,99.300003,159.179993,223.5,0.0262362222
rel_page_image_000355,P_0122,img_000496,CONTAINS_IMAGE,122,110,2,554,57.0,266.299988,109.550003,393.549988,0.0133475476
rel_page_image_000356,P_0122,img_000376,CONTAINS_IMAGE,122,110,3,555,276.350006,553.350037,432.109985,652.450012,0.0308106153
rel_page_image_000357,P_0123,img_000113,CONTAINS_IMAGE,123,111,1,559,321.0,498.649994,538.660034,715.549988,0.0942343362
rel_page_image_000358,P_0124,img_000227,CONTAINS_IMAGE,124,112,1,563,108.189903,73.700806,543.900085,752.460083,0.5903158314
rel_page_image_000359,P_0125,img_000652,CONTAINS_IMAGE,125,113,1,567,70.849998,96.75,238.630005,234.0,0.0459646018
rel_page_image_000360,P_0125,img_000312,CONTAINS_IMAGE,125,113,2,568,295.100006,147.699997,417.76001,233.75,0.0210680726
rel_page_image_000361,P_0125,img_000691,CONTAINS_IMAGE,125,113,3,569,373.350006,559.450012,538.719971,728.900024,0.0559331374
rel_page_image_000362,P_0126,img_000176,CONTAINS_IMAGE,126,114,1,573,56.700001,283.100006,162.320007,344.399994,0.0129234219
rel_page_image_000363,P_0126,img_000198,CONTAINS_IMAGE,126,114,2,574,100.5,395.649994,167.480103,461.0,0.008737001
rel_page_image_000364,P_0126,img_000034,CONTAINS_IMAGE,126,114,3,575,54.150002,504.5,173.429993,589.200012,0.0201661045
rel_page_image_000365,P_0126,img_000242,CONTAINS_IMAGE,126,114,4,576,84.150002,640.850037,167.419998,714.200012,0.0121915651
rel_page_image_000366,P_0127,img_000061,CONTAINS_IMAGE,127,115,1,580,309.100006,313.599976,538.780029,626.549988,0.1434726563
rel_page_image_000367,P_0128,img_000747,CONTAINS_IMAGE,128,116,1,584,333.049988,104.800018,538.23999,451.850006,0.1421409366
rel_page_image_000368,P_0128,img_000584,CONTAINS_IMAGE,128,116,2,585,79.0,91.700012,295.470001,451.700012,0.1555504111
rel_page_image_000369,P_0129,img_000259,CONTAINS_IMAGE,129,117,1,589,393.75,99.0,538.969971,430.200012,0.096003625
rel_page_image_000370,P_0132,img_000645,CONTAINS_IMAGE,132,120,1,599,147.149994,121.150009,299.570007,362.100006,0.0733060575
rel_page_image_000371,P_0132,img_000676,CONTAINS_IMAGE,132,120,2,600,356.100006,99.300018,524.599976,362.100006,0.0883885705
rel_page_image_000372,P_0132,img_000620,CONTAINS_IMAGE,132,120,3,601,56.700001,396.399994,202.139999,464.799988,0.0198568734
rel_page_image_000373,P_0132,img_000588,CONTAINS_IMAGE,132,120,4,602,103.800003,499.0,202.220001,602.25,0.0202835682
rel_page_image_000374,P_0133,img_000524,CONTAINS_IMAGE,133,121,1,606,378.049988,99.299973,538.599976,258.849976,0.0511302642
rel_page_image_000375,P_0133,img_000302,CONTAINS_IMAGE,133,121,2,607,70.849998,573.299988,179.549988,727.299988,0.0334134381
rel_page_image_000376,P_0133,img_000017,CONTAINS_IMAGE,133,121,3,608,222.699997,621.200012,349.160004,727.200012,0.0267565435
rel_page_image_000377,P_0133,img_000507,CONTAINS_IMAGE,133,121,4,609,392.350006,578.400024,538.76001,727.450012,0.0435585725
rel_page_image_000378,P_0134,img_000466,CONTAINS_IMAGE,134,122,1,613,184.350006,91.400009,405.859985,219.450012,0.0566166062
rel_page_image_000379,P_0136,img_000351,CONTAINS_IMAGE,136,124,1,620,184.360001,92.480087,312.349915,229.73999,0.035066335
rel_page_image_000380,P_0137,img_000142,CONTAINS_IMAGE,137,125,1,624,334.75,97.599991,543.049988,197.299988,0.0414529395
rel_page_image_000381,P_0137,img_000090,CONTAINS_IMAGE,137,125,2,625,334.75,231.700012,484.75,367.950012,0.0407942274
rel_page_image_000382,P_0137,img_000296,CONTAINS_IMAGE,137,125,3,2157,70.849998,423.100006,207.420013,561.5,0.0377278773
rel_page_image_000383,P_0137,img_000642,CONTAINS_IMAGE,137,125,4,626,263.899994,430.75,395.200012,561.450012,0.0342540051
rel_page_image_000391,P_0144,img_000126,CONTAINS_IMAGE,144,132,8,655,149.822601,106.946579,487.283478,142.804871,0.0241537167
rel_page_image_000394,P_0144,img_000319,CONTAINS_IMAGE,144,132,11,658,248.316208,120.529022,350.697906,337.64151,0.0443688403
rel_page_image_000395,P_0144,img_000093,CONTAINS_IMAGE,144,132,12,659,315.999878,336.49411,486.067078,517.754639,0.0615311094
rel_page_image_000396,P_0144,img_000160,CONTAINS_IMAGE,144,132,13,660,349.963806,516.87738,486.064514,553.728516,0.0100111092
rel_page_image_000397,P_0144,img_000484,CONTAINS_IMAGE,144,132,14,661,349.96701,299.796478,486.067688,337.643494,0.0102816512
rel_page_image_000398,P_0144,img_000740,CONTAINS_IMAGE,144,132,15,662,404.304108,552.821777,484.850891,734.080933,0.0291419827
rel_page_image_000399,P_0144,img_000007,CONTAINS_IMAGE,144,132,16,663,404.310516,120.169128,484.8573,301.428223,0.0291419729
rel_page_image_000400,P_0144,img_000152,CONTAINS_IMAGE,144,132,17,664,247.100006,299.764709,345.35791,553.72644,0.0498088732
rel_page_image_000401,P_0144,img_000727,CONTAINS_IMAGE,144,132,18,665,326.913574,552.820679,407.702972,734.079834,0.0292297612
rel_page_image_000402,P_0144,img_000552,CONTAINS_IMAGE,144,132,19,666,326.920105,120.167908,407.709503,301.427002,0.0292297514
rel_page_image_000403,P_0144,img_000213,CONTAINS_IMAGE,144,132,20,667,344.626312,527.832397,407.218201,553.727295,0.0032352153
rel_page_image_000404,P_0144,img_000712,CONTAINS_IMAGE,144,132,21,668,344.6297,300.158508,407.221588,326.053406,0.0032352153
rel_page_image_000405,P_0144,img_000177,CONTAINS_IMAGE,144,132,22,669,149.813599,281.142487,251.228302,735.284607,0.0919313528
rel_page_image_000406,P_0144,img_000047,CONTAINS_IMAGE,144,132,23,670,149.820404,106.825882,251.230896,282.10968,0.0354809801
rel_page_image_000423,P_0144,img_000572,CONTAINS_IMAGE,144,132,40,683,261.6539,700.457764,262.381714,702.449585,2.8936e-06
rel_page_image_000531,P_0144,img_000572,CONTAINS_IMAGE,144,132,148,683,261.658997,362.930603,262.38681,364.922394,2.8936e-06
rel_page_image_000547,P_0144,img_000572,CONTAINS_IMAGE,144,132,164,683,261.65979,306.434601,262.387604,308.426392,2.8936e-06
rel_page_image_000548,P_0144,img_000572,CONTAINS_IMAGE,144,132,165,683,261.65979,304.020294,262.387604,306.012085,2.8936e-06
rel_page_image_000556,P_0144,img_000572,CONTAINS_IMAGE,144,132,173,683,261.660187,279.152435,262.388,281.144226,2.8936e-06
rel_page_image_000610,P_0145,img_000522,CONTAINS_IMAGE,145,133,1,699,68.900002,111.550003,223.679993,213.5,0.0314972746
rel_page_image_000611,P_0145,img_000250,CONTAINS_IMAGE,145,133,2,700,252.0,110.399986,323.979889,213.549988,0.0148201075
rel_page_image_000612,P_0145,img_000665,CONTAINS_IMAGE,145,133,3,701,422.100006,104.149979,490.27002,213.599976,0.0148929275
rel_page_image_000613,P_0145,img_000580,CONTAINS_IMAGE,145,133,4,702,70.849998,280.049988,155.570007,387.349976,0.0181449848
rel_page_image_000614,P_0145,img_000509,CONTAINS_IMAGE,145,133,5,703,201.300003,265.450012,274.75,387.600006,0.0179083748
rel_page_image_000615,P_0145,img_000181,CONTAINS_IMAGE,145,133,6,704,331.950012,293.150024,400.329895,389.700012,0.0131780611
rel_page_image_000616,P_0145,img_000108,CONTAINS_IMAGE,145,133,7,705,462.350006,263.149994,527.140015,386.649994,0.0159715085
rel_page_image_000617,P_0146,img_000607,CONTAINS_IMAGE,146,134,1,709,95.199997,99.299973,167.449997,166.099976,0.0096335261
rel_page_image_000618,P_0146,img_000564,CONTAINS_IMAGE,146,134,2,710,181.25,405.5,243.149994,493.25,0.0108419818
rel_page_image_000619,P_0146,img_000016,CONTAINS_IMAGE,146,134,3,711,367.899994,413.649994,417.320007,493.549988,0.0078817118
rel_page_image_000620,P_0146,img_000057,CONTAINS_IMAGE,146,134,4,712,46.700001,565.350037,141.729996,738.400024,0.0328248857
rel_page_image_000621,P_0147,img_000611,CONTAINS_IMAGE,147,135,1,716,334.600006,99.300079,432.26001,236.200073,0.0266864686
rel_page_image_000622,P_0147,img_000687,CONTAINS_IMAGE,147,135,2,717,334.600006,279.599976,441.179993,374.899963,0.0202740003
rel_page_image_000623,P_0147,img_000149,CONTAINS_IMAGE,147,135,3,718,334.322998,418.611023,502.373199,569.854126,0.0507324177
rel_page_image_000625,P_0147,img_000499,CONTAINS_IMAGE,147,135,5,720,335.271301,613.580261,539.176392,694.686279,0.0330104991
rel_page_image_000627,P_0148,img_000354,CONTAINS_IMAGE,148,136,1,725,196.999298,471.957489,526.009277,707.617493,0.154762556
rel_page_image_000629,P_0148,img_000076,CONTAINS_IMAGE,148,136,3,727,185.270493,288.772888,480.25061,420.484894,0.0775512943
rel_page_image_000631,P_0149,img_000388,CONTAINS_IMAGE,149,137,1,732,71.604103,99.583206,223.540802,346.929901,0.0750135538
rel_page_image_000633,P_0149,img_000520,CONTAINS_IMAGE,149,137,3,734,280.32489,160.003494,486.410706,347.0513,0.0769434511
rel_page_image_000635,P_0149,img_000630,CONTAINS_IMAGE,149,137,5,736,419.48999,446.820892,512.500122,618.359985,0.0318466909
rel_page_image_000636,P_0150,img_000701,CONTAINS_IMAGE,150,138,1,740,180.431198,98.760117,300.431213,300.140015,0.048235675
rel_page_image_000638,P_0150,img_000672,CONTAINS_IMAGE,150,138,3,742,377.049988,127.849976,487.940002,300.849976,0.0382921267
rel_page_image_000639,P_0150,img_000266,CONTAINS_IMAGE,150,138,4,743,66.650002,509.200012,167.429993,706.5,0.0396891974
rel_page_image_000640,P_0151,img_000532,CONTAINS_IMAGE,151,139,1,747,70.849998,143.600006,156.76001,213.25,0.0119436152
rel_page_image_000641,P_0151,img_000050,CONTAINS_IMAGE,151,139,2,748,261.100006,99.299988,377.730011,213.049988,0.0264808939
rel_page_image_000642,P_0151,img_000400,CONTAINS_IMAGE,151,139,3,749,428.049988,523.599976,511.319977,616.049988,0.0153661979
rel_page_image_000643,P_0151,img_000490,CONTAINS_IMAGE,151,139,4,750,428.049988,659.0,469.089996,723.599976,0.0052918892
rel_page_image_000644,P_0152,img_000070,CONTAINS_IMAGE,152,140,1,754,106.099998,99.299988,167.300003,201.549988,0.0124906694
rel_page_image_000645,P_0152,img_000462,CONTAINS_IMAGE,152,140,2,755,79.650002,245.050018,167.480011,301.950012,0.0099753029
rel_page_image_000646,P_0152,img_000677,CONTAINS_IMAGE,152,140,3,756,112.800003,345.25,178.080002,448.850006,0.013499288
rel_page_image_000647,P_0152,img_000622,CONTAINS_IMAGE,152,140,4,757,117.25,492.200012,167.419998,633.5,0.0141500232
rel_page_image_000648,P_0153,img_000308,CONTAINS_IMAGE,153,141,1,761,428.049988,95.700027,484.929993,233.400024,0.0156337981
rel_page_image_000649,P_0153,img_000315,CONTAINS_IMAGE,153,141,2,762,428.049988,280.049988,510.839996,414.149994,0.0221604037
rel_page_image_000650,P_0153,img_000371,CONTAINS_IMAGE,153,141,3,763,428.049988,469.799988,523.579956,568.799988,0.0188775562
rel_page_image_000651,P_0153,img_000638,CONTAINS_IMAGE,153,141,4,764,428.049988,624.400024,512.279968,747.150024,0.0206375978
rel_page_image_000652,P_0154,img_000132,CONTAINS_IMAGE,154,142,1,768,183.111298,514.072205,431.111298,711.342285,0.0976526078
rel_page_image_000654,P_0155,img_000561,CONTAINS_IMAGE,155,143,1,773,325.417786,316.532501,539.407776,477.8125,0.0688882121
rel_page_image_000656,P_0155,img_000229,CONTAINS_IMAGE,155,143,3,775,428.049988,520.849976,478.709991,594.299988,0.0074272498
rel_page_image_000657,P_0156,img_000025,CONTAINS_IMAGE,156,144,1,779,70.449997,97.699997,167.410004,331.5,0.0452489069
rel_page_image_000658,P_0156,img_000501,CONTAINS_IMAGE,156,144,2,780,109.5,593.099976,178.639999,723.349976,0.0179753786
rel_page_image_000659,P_0156,img_000116,CONTAINS_IMAGE,156,144,3,781,263.549988,624.850037,316.359985,723.150024,0.0103619276
rel_page_image_000660,P_0156,img_000500,CONTAINS_IMAGE,156,144,4,782,421.0,558.0,525.160034,723.049988,0.0343152805
rel_page_image_000661,P_0157,img_000646,CONTAINS_IMAGE,157,145,1,786,384.950012,99.299988,538.809998,234.049988,0.0413833271
rel_page_image_000662,P_0157,img_000151,CONTAINS_IMAGE,157,145,2,787,385.75,268.299988,464.709991,391.5,0.0194172976
rel_page_image_000663,P_0157,img_000056,CONTAINS_IMAGE,157,145,3,788,69.393898,545.226318,303.383911,698.576416,0.0716229692
rel_page_image_000665,P_0157,img_000103,CONTAINS_IMAGE,157,145,5,790,360.06131,578.569702,471.994812,697.56012,0.0265853892
rel_page_image_000667,P_0158,img_000192,CONTAINS_IMAGE,158,146,1,795,103.599998,99.349991,171.51001,340.549988,0.0326950528
rel_page_image_000668,P_0158,img_000669,CONTAINS_IMAGE,158,146,2,796,90.5,420.199982,493.700012,543.599976,0.0993131181
rel_page_image_000669,P_0159,img_000456,CONTAINS_IMAGE,159,147,1,800,65.449997,99.300003,269.940002,335.350006,0.0963489619
rel_page_image_000670,P_0159,img_000661,CONTAINS_IMAGE,159,147,2,801,326.549988,132.949905,508.690002,332.749908,0.0726393251
rel_page_image_000671,P_0159,img_000449,CONTAINS_IMAGE,159,147,3,802,332.5,534.25,541.070007,741.0,0.0860732729
rel_page_image_000672,P_0160,img_000258,CONTAINS_IMAGE,160,148,1,806,133.942001,298.928467,524.952026,496.448486,0.15415938
rel_page_image_000674,P_0162,img_000314,CONTAINS_IMAGE,162,150,1,814,184.350006,99.300079,413.080017,252.950073,0.0701498329
rel_page_image_000675,P_0162,img_000390,CONTAINS_IMAGE,162,150,2,815,184.350006,287.25,434.190002,441.399994,0.0768734584
rel_page_image_000676,P_0162,img_000162,CONTAINS_IMAGE,162,150,3,816,55.599998,599.599976,287.440002,753.75,0.0713350412
rel_page_image_000677,P_0163,img_000322,CONTAINS_IMAGE,163,151,1,820,67.5,99.299973,319.48999,252.849976,0.0772332058
rel_page_image_000678,P_0163,img_000497,CONTAINS_IMAGE,163,151,2,821,58.150002,287.25,299.339996,503.899994,0.1043011056
rel_page_image_000679,P_0164,img_000753,CONTAINS_IMAGE,164,152,1,825,56.700001,450.500031,250.119995,535.900024,0.0329708504
rel_page_image_000680,P_0165,img_000313,CONTAINS_IMAGE,165,153,1,829,357.0,99.300011,538.660034,214.950012,0.0419349353
rel_page_image_000681,P_0166,img_000468,CONTAINS_IMAGE,166,154,1,833,60.849998,275.449921,196.929993,387.849915,0.030530331
rel_page_image_000682,P_0167,img_000696,CONTAINS_IMAGE,167,155,1,837,70.5457,472.325684,214.370804,724.876587,0.0725027643
rel_page_image_000684,P_0167,img_000044,CONTAINS_IMAGE,167,155,3,839,271.174988,505.015808,413.257782,725.799805,0.0626152361
rel_page_image_000686,P_0168,img_000406,CONTAINS_IMAGE,168,156,1,844,183.179398,99.524384,368.36438,256.304382,0.0579518579
rel_page_image_000688,P_0170,img_000201,CONTAINS_IMAGE,170,158,1,852,184.75,92.349991,391.820007,341.799988,0.1031030813
rel_page_image_000689,P_0171,img_000519,CONTAINS_IMAGE,171,159,1,856,363.649994,239.050018,538.599976,359.200012,0.0419574028
rel_page_image_000690,P_0171,img_000327,CONTAINS_IMAGE,171,159,2,857,377.94281,401.900085,492.887512,488.160187,0.0197910969
rel_page_image_000691,P_0173,img_000079,CONTAINS_IMAGE,173,161,1,864,70.849998,354.449982,205.480011,512.049988,0.0423515256
rel_page_image_000692,P_0173,img_000053,CONTAINS_IMAGE,173,161,2,865,253.149994,385.800018,456.890015,512.950012,0.0517087016
rel_page_image_000693,P_0173,img_000372,CONTAINS_IMAGE,173,161,3,866,380.649994,664.799988,538.809998,765.349976,0.0317431215
rel_page_image_000694,P_0174,img_000410,CONTAINS_IMAGE,174,162,1,870,59.049999,99.300011,218.889999,201.200012,0.0325110207
rel_page_image_000695,P_0174,img_000657,CONTAINS_IMAGE,174,162,2,871,56.700001,250.100006,221.099991,351.450012,0.0332580291
rel_page_image_000696,P_0174,img_000533,CONTAINS_IMAGE,174,162,3,872,56.700001,387.650024,223.729996,550.200012,0.0541941429
rel_page_image_000697,P_0175,img_000146,CONTAINS_IMAGE,175,163,1,876,66.650002,593.400024,235.149994,760.550049,0.0562182436
rel_page_image_000698,P_0175,img_000719,CONTAINS_IMAGE,175,163,2,877,283.5,596.200012,456.76001,761.0,0.0569936476
rel_page_image_000699,P_0176,img_000433,CONTAINS_IMAGE,176,164,1,881,184.350006,631.25,435.650024,742.299988,0.0557034351
rel_page_image_000700,P_0178,img_000186,CONTAINS_IMAGE,178,166,1,888,184.350006,256.699982,316.830017,388.299988,0.0347998368
rel_page_image_000701,P_0178,img_000489,CONTAINS_IMAGE,178,166,2,889,382.700012,256.649994,514.700012,388.25,0.0346737476
rel_page_image_000702,P_0179,img_000078,CONTAINS_IMAGE,179,167,1,893,69.861298,566.337708,239.79039,740.25531,0.0589905195
rel_page_image_000704,P_0179,img_000274,CONTAINS_IMAGE,179,167,3,895,296.799988,565.349976,484.72998,740.049988,0.0655329887
rel_page_image_000705,P_0181,img_000745,CONTAINS_IMAGE,181,169,1,902,340.929688,98.778473,538.949585,412.228485,0.1238933697
rel_page_image_000707,P_0181,img_000248,CONTAINS_IMAGE,181,169,3,904,70.599998,509.200012,228.290009,702.950012,0.0609841303
rel_page_image_000708,P_0181,img_000254,CONTAINS_IMAGE,181,169,4,905,274.450012,449.700012,402.630005,702.700012,0.0647309091
rel_page_image_000710,P_0183,img_000577,CONTAINS_IMAGE,183,171,2,913,58.052898,111.202972,575.293091,422.060486,0.3209405379
rel_page_image_000711,P_0184,img_000138,CONTAINS_IMAGE,184,172,1,917,56.700001,99.299973,238.839996,209.099976,0.0399189047
rel_page_image_000712,P_0186,img_000639,CONTAINS_IMAGE,186,174,1,924,111.650002,110.100021,287.559998,287.150024,0.0621666407
rel_page_image_000713,P_0186,img_000464,CONTAINS_IMAGE,186,174,2,925,329.950012,99.300018,524.340027,287.150024,0.0728880126
rel_page_image_000714,P_0187,img_000307,CONTAINS_IMAGE,187,175,1,929,70.849998,139.000015,260.679993,297.950012,0.0602277031
rel_page_image_000715,P_0187,img_000415,CONTAINS_IMAGE,187,175,2,930,316.200012,99.300079,532.670044,297.950073,0.0858335905
rel_page_image_000716,P_0187,img_000589,CONTAINS_IMAGE,187,175,3,931,61.799999,360.400024,355.329987,510.450012,0.0879142718
rel_page_image_000717,P_0187,img_000206,CONTAINS_IMAGE,187,175,4,932,368.75,332.350006,566.530029,511.100006,0.0705666385
rel_page_image_000718,P_0188,img_000692,CONTAINS_IMAGE,188,176,1,936,56.700001,319.700012,211.970001,425.100006,0.0326662351
rel_page_image_000719,P_0188,img_000531,CONTAINS_IMAGE,188,176,2,937,98.699997,493.5,308.459991,600.0,0.0445905895
rel_page_image_000720,P_0188,img_000421,CONTAINS_IMAGE,188,176,3,938,340.450012,480.300018,500.550018,600.200012,0.0383161136
rel_page_image_000721,P_0191,img_000583,CONTAINS_IMAGE,191,179,1,948,159.300003,135.399979,215.450012,190.599976,0.006186711
rel_page_image_000722,P_0191,img_000216,CONTAINS_IMAGE,191,179,2,949,256.100006,135.599991,313.230011,190.799988,0.0062946887
rel_page_image_000723,P_0191,img_000409,CONTAINS_IMAGE,191,179,3,950,352.399994,135.600006,419.859985,202.450012,0.0090015786
rel_page_image_000724,P_0191,img_000279,CONTAINS_IMAGE,191,179,4,951,449.049988,135.599991,517.669983,190.799988,0.0075606769
rel_page_image_000725,P_0191,img_000260,CONTAINS_IMAGE,191,179,5,952,159.300003,231.600006,218.580002,289.5,0.006851058
rel_page_image_000726,P_0191,img_000517,CONTAINS_IMAGE,191,179,6,953,256.0,231.600021,313.619995,289.900024,0.0067052155
rel_page_image_000727,P_0191,img_000474,CONTAINS_IMAGE,191,179,7,954,352.399994,231.599991,419.849976,298.799988,0.0090473633
rel_page_image_000728,P_0191,img_000273,CONTAINS_IMAGE,191,179,8,955,448.700012,231.599976,524.059998,282.849976,0.0077091344
rel_page_image_000729,P_0191,img_000060,CONTAINS_IMAGE,191,179,9,956,159.600006,347.100006,216.980103,405.200012,0.0066543922
rel_page_image_000730,P_0191,img_000110,CONTAINS_IMAGE,191,179,10,957,256.299988,347.100006,313.399994,405.100006,0.0066105119
rel_page_image_000731,P_0191,img_000230,CONTAINS_IMAGE,191,179,11,958,352.700012,347.100006,422.300018,414.100006,0.009307971
rel_page_image_000732,P_0191,img_000391,CONTAINS_IMAGE,191,179,12,959,449.0,347.099976,518.619995,408.799988,0.0085741323
rel_page_image_000733,P_0192,img_000705,CONTAINS_IMAGE,192,180,1,963,248.800003,136.149979,266.559998,218.099976,0.0029051109
rel_page_image_000734,P_0192,img_000326,CONTAINS_IMAGE,192,180,2,964,465.200012,135.800003,483.205109,209.0,0.0026307371
rel_page_image_000735,P_0192,img_000024,CONTAINS_IMAGE,192,180,3,965,249.25,230.399994,278.279907,307.5,0.0044675663
rel_page_image_000736,P_0192,img_000221,CONTAINS_IMAGE,192,180,4,966,465.200012,230.449997,500.480011,311.75,0.0057251921
rel_page_image_000737,P_0192,img_000055,CONTAINS_IMAGE,192,180,5,967,465.200012,321.0,506.705505,410.950012,0.0074520841
rel_page_image_000738,P_0192,img_000122,CONTAINS_IMAGE,192,180,6,968,249.0,426.200012,277.809998,579.200012,0.0087984383
rel_page_image_000739,P_0192,img_000150,CONTAINS_IMAGE,192,180,7,969,464.75,426.599976,511.549988,555.049988,0.0119991597
rel_page_image_000740,P_0192,img_000066,CONTAINS_IMAGE,192,180,8,970,248.800003,649.799988,300.660004,701.450012,0.0053465544
rel_page_image_000741,P_0192,img_000626,CONTAINS_IMAGE,192,180,9,971,464.899994,649.799988,513.150024,698.200012,0.0046613758
rel_page_image_000742,P_0193,img_000437,CONTAINS_IMAGE,193,181,1,975,263.350006,136.200012,287.350098,198.700012,0.0029940832
rel_page_image_000743,P_0193,img_000306,CONTAINS_IMAGE,193,181,2,976,477.899994,135.900009,501.420593,194.450012,0.0027488197
rel_page_image_000744,P_0193,img_000671,CONTAINS_IMAGE,193,181,3,977,263.350006,226.949982,310.883118,311.599976,0.0080314529
rel_page_image_000745,P_0193,img_000683,CONTAINS_IMAGE,193,181,4,978,477.899994,230.699982,517.753113,304.599976,0.0058786508
rel_page_image_000746,P_0193,img_000140,CONTAINS_IMAGE,193,181,5,979,263.100006,321.700012,305.570007,380.5,0.0049846016
rel_page_image_000747,P_0193,img_000109,CONTAINS_IMAGE,193,181,6,980,477.649994,322.149994,527.799988,359.049988,0.0036937553
rel_page_image_000748,P_0193,img_000389,CONTAINS_IMAGE,193,181,7,981,263.100006,424.75,310.149994,561.950012,0.0128850055
rel_page_image_000749,P_0193,img_000697,CONTAINS_IMAGE,193,181,8,982,477.649994,424.450012,521.106079,503.350006,0.006843819
rel_page_image_000750,P_0193,img_000225,CONTAINS_IMAGE,193,181,9,983,479.049988,588.299988,527.059998,615.099976,0.0025682502
rel_page_image_000751,P_0193,img_000749,CONTAINS_IMAGE,193,181,10,984,263.049988,649.5,311.269897,697.849976,0.0046536487
rel_page_image_000752,P_0193,img_000546,CONTAINS_IMAGE,193,181,11,985,477.649994,649.799988,525.650024,698.349976,0.0046515916
rel_page_image_000753,P_0196,img_000528,CONTAINS_IMAGE,196,184,1,995,170.949997,99.300079,512.25,274.150085,0.119116764
rel_page_image_000754,P_0196,img_000184,CONTAINS_IMAGE,196,184,2,996,125.25,608.550049,288.700012,771.200073,0.0530652278
rel_page_image_000755,P_0196,img_000128,CONTAINS_IMAGE,196,184,3,997,345.450012,606.450012,525.210022,767.450012,0.0577683418
rel_page_image_000756,P_0197,img_000451,CONTAINS_IMAGE,197,185,1,1001,70.849998,98.149994,251.100006,257.799988,0.0574400938
rel_page_image_000757,P_0197,img_000633,CONTAINS_IMAGE,197,185,2,1002,302.01001,95.529984,516.01001,246.98999,0.0646967832
rel_page_image_000758,P_0197,img_000080,CONTAINS_IMAGE,197,185,3,1003,372.0,373.549988,538.809998,439.5,0.0219587644
rel_page_image_000759,P_0197,img_000625,CONTAINS_IMAGE,197,185,4,1004,360.649994,482.850037,539.190002,646.900024,0.0584632153
rel_page_image_000760,P_0198,img_000253,CONTAINS_IMAGE,198,186,1,1008,46.549999,116.199997,301.169983,238.25,0.0620299203
rel_page_image_000761,P_0198,img_000576,CONTAINS_IMAGE,198,186,2,1009,357.76001,96.430008,527.749878,238.440002,0.048185114
rel_page_image_000762,P_0199,img_000681,CONTAINS_IMAGE,199,187,1,1013,337.75,127.349976,507.690002,294.099976,0.0565629961
rel_page_image_000763,P_0199,img_000223,CONTAINS_IMAGE,199,187,2,1014,344.0,340.849976,500.72998,497.549988,0.0490221159
rel_page_image_000764,P_0199,img_000660,CONTAINS_IMAGE,199,187,3,1015,70.800003,100.100418,300.004303,291.971619,0.0877816008
rel_page_image_000766,P_0201,img_000364,CONTAINS_IMAGE,201,189,1,1023,70.849998,293.600006,308.230011,483.75,0.0900972234
rel_page_image_000767,P_0201,img_000252,CONTAINS_IMAGE,201,189,2,1024,364.850006,321.450012,553.969971,483.100006,0.0610216594
rel_page_image_000768,P_0201,img_000668,CONTAINS_IMAGE,201,189,3,1025,338.269196,527.518494,538.352478,670.618103,0.0571505211
rel_page_image_000770,P_0202,img_000304,CONTAINS_IMAGE,202,190,1,1030,184.955399,98.061508,436.079803,281.007812,0.0917029917
rel_page_image_000772,P_0202,img_000323,CONTAINS_IMAGE,202,190,3,1032,183.406799,314.684509,461.290985,521.018311,0.1144471953
rel_page_image_000774,P_0203,img_000289,CONTAINS_IMAGE,203,191,1,1037,70.9384,98.521606,317.060791,290.121399,0.0941276253
rel_page_image_000776,P_0203,img_000353,CONTAINS_IMAGE,203,191,3,1039,71.561203,323.426697,337.561218,479.886902,0.0830723506
rel_page_image_000778,P_0203,img_000261,CONTAINS_IMAGE,203,191,5,1041,71.203003,516.079407,215.203003,614.259033,0.0282198571
rel_page_image_000779,P_0203,img_000074,CONTAINS_IMAGE,203,191,6,1042,273.679901,516.654419,417.669983,615.524536,0.0284163681
rel_page_image_000780,P_0204,img_000337,CONTAINS_IMAGE,204,192,1,1046,179.070099,101.417427,323.089996,200.527527,0.0284912402
rel_page_image_000781,P_0204,img_000238,CONTAINS_IMAGE,204,192,2,1047,379.599915,100.019981,524.619934,201.539978,0.0293866782
rel_page_image_000783,P_0205,img_000643,CONTAINS_IMAGE,205,193,1,1052,71.670197,585.612976,497.354706,746.338989,0.1365667459
rel_page_image_000784,P_0206,img_000606,CONTAINS_IMAGE,206,194,1,1056,91.150002,189.149979,167.480011,295.599976,0.0162185458
rel_page_image_000785,P_0208,img_000612,CONTAINS_IMAGE,208,196,1,1063,56.700001,99.299973,151.259003,202.599976,0.0194972857
rel_page_image_000786,P_0210,img_000341,CONTAINS_IMAGE,210,198,1,1070,184.350006,99.300011,394.850006,187.700012,0.0371428578
rel_page_image_000787,P_0210,img_000290,CONTAINS_IMAGE,210,198,2,1071,135.149994,484.5,204.029999,610.299988,0.0172959615
rel_page_image_000788,P_0210,img_000267,CONTAINS_IMAGE,210,198,3,1072,328.25,542.350037,524.570007,604.450012,0.0243347525
rel_page_image_000789,P_0210,img_000567,CONTAINS_IMAGE,210,198,4,1073,62.349998,648.799988,265.408691,765.5,0.0473002494
rel_page_image_000790,P_0210,img_000021,CONTAINS_IMAGE,210,198,5,1074,321.600006,646.0,524.658691,765.900024,0.0485972601
rel_page_image_000791,P_0211,img_000658,CONTAINS_IMAGE,211,199,1,1078,70.849998,495.849976,175.01001,577.549988,0.0169861159
rel_page_image_000792,P_0211,img_000733,CONTAINS_IMAGE,211,199,2,1079,269.299988,495.050018,369.119995,578.950012,0.016716697
rel_page_image_000793,P_0211,img_000458,CONTAINS_IMAGE,211,199,3,1080,330.149994,99.299973,538.719971,227.349976,0.0533092201
rel_page_image_000794,P_0211,img_000360,CONTAINS_IMAGE,211,199,4,1081,70.800003,647.25,175.670013,728.700012,0.0170495691
rel_page_image_000795,P_0211,img_000163,CONTAINS_IMAGE,211,199,5,1082,269.25,645.549988,375.309998,728.799988,0.0176240939
rel_page_image_000796,P_0212,img_000438,CONTAINS_IMAGE,212,200,1,1086,374.549988,521.400024,526.209961,611.950012,0.027411343
rel_page_image_000797,P_0212,img_000407,CONTAINS_IMAGE,212,200,2,1087,173.899994,520.549988,317.890015,610.299988,0.0257951344
rel_page_image_000798,P_0212,img_000339,CONTAINS_IMAGE,212,200,3,1088,56.700001,640.450012,191.557098,775.400024,0.0363260084
rel_page_image_000799,P_0213,img_000492,CONTAINS_IMAGE,213,201,1,1092,70.849998,100.150002,170.229996,195.0,0.0188151312
rel_page_image_000800,P_0213,img_000194,CONTAINS_IMAGE,213,201,2,1093,226.800003,99.300011,381.100006,194.950012,0.0294592617
rel_page_image_000801,P_0213,img_000547,CONTAINS_IMAGE,213,201,3,1094,349.5,538.150024,538.630005,690.450012,0.0574951545
rel_page_image_000802,P_0216,img_000684,CONTAINS_IMAGE,216,204,1,1104,56.700001,372.25,216.319992,558.299988,0.059277226
rel_page_image_000803,P_0217,img_000082,CONTAINS_IMAGE,217,205,1,1108,383.350006,540.399963,538.630005,669.349976,0.0399675797
rel_page_image_000804,P_0218,img_000240,CONTAINS_IMAGE,218,206,1,1112,75.050003,99.300079,167.468002,254.700073,0.0286667529
rel_page_image_000805,P_0219,img_000618,CONTAINS_IMAGE,219,207,1,1116,70.849998,383.099976,183.417999,483.549988,0.0225702251
rel_page_image_000806,P_0219,img_000635,CONTAINS_IMAGE,219,207,2,1117,260.549988,393.0,407.645996,483.149994,0.0264689999
rel_page_image_000807,P_0220,img_000595,CONTAINS_IMAGE,220,208,1,1121,86.300003,99.299988,257.640015,213.049988,0.038902825
rel_page_image_000808,P_0220,img_000347,CONTAINS_IMAGE,220,208,2,1122,56.700001,257.949982,257.600006,476.299988,0.0875596666
rel_page_image_000809,P_0221,img_000574,CONTAINS_IMAGE,221,209,1,1126,426.324005,490.794495,481.333801,690.94458,0.0219769165
rel_page_image_000811,P_0222,img_000549,CONTAINS_IMAGE,222,210,1,1131,56.700001,639.5,228.32399,740.0,0.0344282539
rel_page_image_000812,P_0223,img_000358,CONTAINS_IMAGE,223,211,1,1135,71.4254,185.741196,281.425415,396.701202,0.0884281216
rel_page_image_000814,P_0224,img_000513,CONTAINS_IMAGE,224,212,1,1140,184.360001,630.299561,457.059998,776.789978,0.0797379916
rel_page_image_000815,P_0225,img_000169,CONTAINS_IMAGE,225,213,1,1144,70.860001,99.020004,190.839905,284.309998,0.0443742902
rel_page_image_000816,P_0225,img_000423,CONTAINS_IMAGE,225,213,2,1145,216.509995,147.789978,426.489899,283.409973,0.0568423992
rel_page_image_000817,P_0225,img_000134,CONTAINS_IMAGE,225,213,3,1146,173.850006,359.499969,309.840027,669.089966,0.084035909
rel_page_image_000818,P_0226,img_000226,CONTAINS_IMAGE,226,214,1,1150,184.360001,99.659622,309.440704,246.150024,0.036573829
rel_page_image_000819,P_0226,img_000131,CONTAINS_IMAGE,226,214,2,1151,345.799988,99.300018,525.005371,246.150024,0.0525286166
rel_page_image_000820,P_0226,img_000088,CONTAINS_IMAGE,226,214,3,1152,61.700001,338.100006,161.802704,516.700012,0.0356860284
rel_page_image_000821,P_0229,img_000730,CONTAINS_IMAGE,229,217,1,1162,428.049988,345.099976,537.709961,434.899963,0.0196560096
rel_page_image_000822,P_0229,img_000022,CONTAINS_IMAGE,229,217,2,1163,70.849998,99.300079,297.420013,309.200073,0.0949261358
rel_page_image_000823,P_0233,img_000505,CONTAINS_IMAGE,233,221,1,1176,356.899994,99.300003,538.809998,236.0,0.0496359148
rel_page_image_000824,P_0233,img_000653,CONTAINS_IMAGE,233,221,2,1177,70.849998,517.699951,249.660004,756.549927,0.0852487382
rel_page_image_000825,P_0233,img_000205,CONTAINS_IMAGE,233,221,3,1178,303.674988,573.091187,488.762085,757.487976,0.0681240474
rel_page_image_000827,P_0234,img_000269,CONTAINS_IMAGE,234,222,1,1183,56.700001,99.300018,209.119995,289.650024,0.0579116287
rel_page_image_000828,P_0234,img_000246,CONTAINS_IMAGE,234,222,2,1184,56.700001,582.099976,186.059998,756.599976,0.0450574252
rel_page_image_000829,P_0234,img_000111,CONTAINS_IMAGE,234,222,3,1185,240.488403,600.170471,517.363037,761.623169,0.0892276424
rel_page_image_000831,P_0235,img_000173,CONTAINS_IMAGE,235,223,1,1190,71.473297,96.235611,331.473297,273.105713,0.0917907074
rel_page_image_000833,P_0235,img_000690,CONTAINS_IMAGE,235,223,3,1192,343.0,99.300018,554.200012,297.400024,0.0835120935
rel_page_image_000834,P_0238,img_000130,CONTAINS_IMAGE,238,226,1,1202,380.463409,99.811188,524.523438,228.734985,0.037072129
rel_page_image_000836,P_0238,img_000350,CONTAINS_IMAGE,238,226,3,1204,184.300003,277.799988,308.395996,419.299988,0.0350497675
rel_page_image_000837,P_0238,img_000493,CONTAINS_IMAGE,238,226,4,1205,364.950012,274.049988,481.34201,419.0,0.0336753659
rel_page_image_000838,P_0238,img_000504,CONTAINS_IMAGE,238,226,5,1206,184.269897,119.427589,324.334717,219.616089,0.0280103077
rel_page_image_000840,P_0240,img_000596,CONTAINS_IMAGE,240,228,1,1214,306.01709,371.078125,524.107971,543.46991,0.0750455623
rel_page_image_000842,P_0240,img_000582,CONTAINS_IMAGE,240,228,3,1216,185.236206,590.591309,409.236206,759.051514,0.0753210362
rel_page_image_000844,P_0240,img_000349,CONTAINS_IMAGE,240,228,5,1218,57.040199,402.979584,271.868195,544.64679,0.0607478828
rel_page_image_000846,P_0241,img_000587,CONTAINS_IMAGE,241,229,1,1223,374.0,99.299988,538.630005,263.299988,0.0538919356
rel_page_image_000847,P_0241,img_000559,CONTAINS_IMAGE,241,229,2,1224,71.764801,143.678772,257.754883,259.828979,0.0431201952
rel_page_image_000849,P_0241,img_000005,CONTAINS_IMAGE,241,229,4,1226,317.850006,299.349976,538.630005,524.599976,0.0992648451
rel_page_image_000850,P_0247,img_000278,CONTAINS_IMAGE,247,235,1,1245,336.799988,99.300011,529.039978,217.450012,0.0453365439
rel_page_image_000851,P_0247,img_000282,CONTAINS_IMAGE,247,235,2,1246,338.399994,251.550003,538.809998,372.350006,0.0483233778
rel_page_image_000852,P_0247,img_000398,CONTAINS_IMAGE,247,235,3,2190,337.350006,415.950012,538.719971,526.75,0.0445353991
rel_page_image_000853,P_0247,img_000648,CONTAINS_IMAGE,247,235,4,1247,337.549988,570.150024,540.579956,683.450012,0.0459156728
rel_page_image_000854,P_0248,img_000459,CONTAINS_IMAGE,248,236,1,1251,56.200001,537.899963,194.919998,652.849976,0.0318287099
rel_page_image_000855,P_0251,img_000636,CONTAINS_IMAGE,251,239,1,1261,70.849998,626.550049,279.160004,741.400024,0.0477542446
rel_page_image_000856,P_0251,img_000081,CONTAINS_IMAGE,251,239,2,1262,335.649994,613.25,517.089966,741.400024,0.0464111795
rel_page_image_000857,P_0252,img_000715,CONTAINS_IMAGE,252,240,1,1266,49.5,233.950027,167.330002,328.650024,0.0222729013
rel_page_image_000858,P_0253,img_000300,CONTAINS_IMAGE,253,241,1,1270,338.850006,579.700012,538.77002,738.0,0.0631695956
rel_page_image_000859,P_0254,img_000157,CONTAINS_IMAGE,254,242,1,1274,313.049988,150.050018,524.73999,274.700012,0.0526700284
rel_page_image_000860,P_0254,img_000426,CONTAINS_IMAGE,254,242,2,1275,57.0,99.299988,263.160004,274.799988,0.0722191673
rel_page_image_000861,P_0255,img_000568,CONTAINS_IMAGE,255,243,1,1279,70.849998,260.450012,247.029999,330.0,0.0244582065
rel_page_image_000862,P_0255,img_000105,CONTAINS_IMAGE,255,243,2,1280,303.600006,235.249969,459.830017,329.849976,0.0295003094
rel_page_image_000863,P_0255,img_000336,CONTAINS_IMAGE,255,243,3,1281,355.049988,532.149963,543.909973,626.099976,0.0354166709
rel_page_image_000864,P_0256,img_000144,CONTAINS_IMAGE,256,244,1,1285,65.25,105.800003,268.76001,220.75,0.0466944949
rel_page_image_000865,P_0256,img_000331,CONTAINS_IMAGE,256,244,2,1286,325.200012,99.050026,522.700012,220.900024,0.0480356388
rel_page_image_000866,P_0256,img_000545,CONTAINS_IMAGE,256,244,3,1287,120.5,291.199982,298.559998,386.799988,0.0339777977
rel_page_image_000867,P_0256,img_000115,CONTAINS_IMAGE,256,244,4,1288,355.25,271.700012,524.450012,386.700012,0.0388391014
rel_page_image_000868,P_0256,img_000295,CONTAINS_IMAGE,256,244,5,1289,100.949997,430.049988,268.700012,538.25,0.0362293732
rel_page_image_000869,P_0256,img_000600,CONTAINS_IMAGE,256,244,6,1290,325.399994,445.049988,524.579956,536.5,0.036358031
rel_page_image_000870,P_0257,img_000392,CONTAINS_IMAGE,257,245,1,1294,67.449997,99.300026,272.649994,220.900024,0.0498060227
rel_page_image_000871,P_0257,img_000475,CONTAINS_IMAGE,257,245,2,1295,329.399994,140.400024,526.429993,241.650024,0.0398197317
rel_page_image_000872,P_0257,img_000196,CONTAINS_IMAGE,257,245,3,1296,70.849998,291.150024,258.029999,391.700012,0.0375675098
rel_page_image_000873,P_0257,img_000236,CONTAINS_IMAGE,257,245,4,1297,330.25,275.950012,504.01001,386.0,0.0381689993
rel_page_image_000874,P_0258,img_000251,CONTAINS_IMAGE,258,246,1,1301,89.599998,99.300011,273.899994,203.700012,0.0384057961
rel_page_image_000875,P_0258,img_000422,CONTAINS_IMAGE,258,246,2,1302,329.700012,122.549988,524.800049,203.799988,0.0316411066
rel_page_image_000876,P_0258,img_000281,CONTAINS_IMAGE,258,246,3,1303,184.350006,256.350006,320.660004,318.0,0.0167738089
rel_page_image_000877,P_0258,img_000395,CONTAINS_IMAGE,258,246,4,1304,377.049988,286.950012,506.899994,318.25,0.0081125444
rel_page_image_000878,P_0259,img_000001,CONTAINS_IMAGE,259,247,1,1308,70.550003,136.700012,216.949997,211.200012,0.0217704935
rel_page_image_000879,P_0259,img_000377,CONTAINS_IMAGE,259,247,2,1309,303.600006,99.299973,483.580017,211.349976,0.040253819
rel_page_image_000880,P_0259,img_000035,CONTAINS_IMAGE,259,247,3,1310,70.849998,245.600006,246.529999,365.75,0.0421324796
rel_page_image_000881,P_0259,img_000735,CONTAINS_IMAGE,259,247,4,1311,303.049988,276.199982,484.0,365.549988,0.0322718711
rel_page_image_000882,P_0260,img_000272,CONTAINS_IMAGE,260,248,1,1315,80.849998,99.300026,278.359985,195.400024,0.0378864038
rel_page_image_000883,P_0260,img_000702,CONTAINS_IMAGE,260,248,2,1316,334.850006,102.600021,524.22998,184.150024,0.0308268378
rel_page_image_000884,P_0260,img_000117,CONTAINS_IMAGE,260,248,3,1317,78.949997,239.399994,251.529999,341.899994,0.0353089886
rel_page_image_000885,P_0260,img_000750,CONTAINS_IMAGE,260,248,4,1318,335.100006,229.75,517.76001,337.100006,0.0391396086
rel_page_image_000886,P_0262,img_000581,CONTAINS_IMAGE,262,250,1,1325,50.400002,91.699982,261.610016,414.549988,0.1361088134
rel_page_image_000887,P_0262,img_000744,CONTAINS_IMAGE,262,250,2,1326,161.899994,455.5,314.059998,650.700012,0.0592858831
rel_page_image_000888,P_0262,img_000006,CONTAINS_IMAGE,262,250,3,1327,370.75,492.199982,524.830017,652.849976,0.0494080796
rel_page_image_000889,P_0263,img_000121,CONTAINS_IMAGE,263,251,1,1331,427.549988,99.300003,546.119995,351.100006,0.0595938606
rel_page_image_000890,P_0263,img_000190,CONTAINS_IMAGE,263,251,2,1332,428.049988,394.399994,552.630005,519.25,0.0310461604
rel_page_image_000891,P_0264,img_000416,CONTAINS_IMAGE,264,252,1,1336,184.350006,359.549988,317.809998,485.899994,0.0336586972
rel_page_image_000892,P_0264,img_000210,CONTAINS_IMAGE,264,252,2,1337,374.75,374.450012,509.880005,485.700012,0.0300070122
rel_page_image_000893,P_0264,img_000243,CONTAINS_IMAGE,264,252,3,1338,54.450001,529.349976,252.209991,648.049988,0.0468554528
rel_page_image_000894,P_0265,img_000179,CONTAINS_IMAGE,265,253,1,1342,70.849998,113.700012,247.25,290.450012,0.0622341769
rel_page_image_000895,P_0265,img_000469,CONTAINS_IMAGE,265,253,2,1343,302.450012,99.300079,495.400024,290.450073,0.0736190216
rel_page_image_000896,P_0267,img_000234,CONTAINS_IMAGE,267,255,1,1350,427.899994,213.550003,546.469971,368.100006,0.036577557
rel_page_image_000897,P_0267,img_000586,CONTAINS_IMAGE,267,255,2,1351,336.971985,542.24939,542.971985,736.639526,0.079930474
rel_page_image_000899,P_0268,img_000614,CONTAINS_IMAGE,268,256,1,1356,55.739201,519.787231,225.739197,671.707214,0.0515507226
rel_page_image_000901,P_0269,img_000069,CONTAINS_IMAGE,269,257,1,1361,427.822388,282.337311,469.841888,385.297302,0.0086355565
rel_page_image_000903,P_0269,img_000708,CONTAINS_IMAGE,269,257,3,1363,426.273712,593.643005,467.290802,712.492493,0.0097304539
rel_page_image_000905,P_0269,img_000373,CONTAINS_IMAGE,269,257,5,1365,428.874512,446.899689,472.892822,550.152588,0.0090720737
rel_page_image_000907,P_0270,img_000417,CONTAINS_IMAGE,270,258,1,1370,56.700001,99.500023,260.0,187.150024,0.0355680657
rel_page_image_000908,P_0270,img_000393,CONTAINS_IMAGE,270,258,2,1371,138.649994,506.350006,274.950012,582.200012,0.0206358554
rel_page_image_000909,P_0270,img_000338,CONTAINS_IMAGE,270,258,3,1372,331.25,479.099976,524.450012,582.349976,0.0398169649
rel_page_image_000910,P_0271,img_000299,CONTAINS_IMAGE,271,259,1,1376,360.5,99.049973,538.809998,277.349976,0.063459696
rel_page_image_000911,P_0272,img_000214,CONTAINS_IMAGE,272,260,1,1380,57.0,99.149994,199.539993,230.299988,0.0373143561
rel_page_image_000912,P_0272,img_000714,CONTAINS_IMAGE,272,260,2,1381,184.350006,590.849976,332.420013,725.949951,0.0399294484
rel_page_image_000913,P_0272,img_000003,CONTAINS_IMAGE,272,260,3,1382,388.950012,604.450012,511.130005,726.200012,0.029692038
rel_page_image_000914,P_0273,img_000068,CONTAINS_IMAGE,273,261,1,1386,428.149994,99.249985,549.580017,219.049988,0.0290371408
rel_page_image_000915,P_0273,img_000241,CONTAINS_IMAGE,273,261,2,1387,420.950012,262.349976,536.609985,367.899963,0.0243675697
rel_page_image_000916,P_0273,img_000136,CONTAINS_IMAGE,273,261,3,1388,427.75,402.100006,526.169983,504.0,0.020018355
rel_page_image_000917,P_0273,img_000359,CONTAINS_IMAGE,273,261,4,1389,427.75,547.5,524.940002,634.25,0.0168291437
rel_page_image_000918,P_0274,img_000629,CONTAINS_IMAGE,274,262,1,1393,56.200001,357.100006,200.423996,443.700012,0.0249302359
rel_page_image_000919,P_0274,img_000508,CONTAINS_IMAGE,274,262,2,1394,56.5,495.899994,230.498001,576.049988,0.0278367607
rel_page_image_000920,P_0275,img_000615,CONTAINS_IMAGE,275,263,1,1398,70.849998,110.899979,242.200012,202.849976,0.0314489975
rel_page_image_000921,P_0275,img_000746,CONTAINS_IMAGE,275,263,2,1399,313.25,98.299973,487.466003,203.349976,0.0365304531
rel_page_image_000922,P_0276,img_000408,CONTAINS_IMAGE,276,264,1,1403,50.349998,99.149979,167.694,199.099976,0.023410712
rel_page_image_000923,P_0277,img_000296,CONTAINS_IMAGE,277,265,1,2157,401.649994,583.849976,538.219971,722.25,0.0377278751
rel_page_image_000924,P_0277,img_000674,CONTAINS_IMAGE,277,265,2,1407,406.350006,408.099976,548.660034,549.599976,0.0401941535
rel_page_image_000925,P_0278,img_000086,CONTAINS_IMAGE,278,266,1,1411,67.400002,97.100014,167.709991,206.700012,0.0219444994
rel_page_image_000927,P_0278,img_000209,CONTAINS_IMAGE,278,266,3,1413,137.421402,545.595276,301.821411,689.705383,0.0472897722
rel_page_image_000929,P_0278,img_000445,CONTAINS_IMAGE,278,266,5,1415,358.294403,550.620789,524.61438,691.610901,0.046806268
rel_page_image_000930,P_0279,img_000009,CONTAINS_IMAGE,279,267,1,1419,428.049988,248.900009,512.549988,360.700012,0.0188568639
rel_page_image_000931,P_0279,img_000663,CONTAINS_IMAGE,279,267,2,1420,70.849998,404.049988,270.299988,488.899994,0.0337797817
rel_page_image_000932,P_0280,img_000603,CONTAINS_IMAGE,280,268,1,1424,48.25,152.099991,246.729996,303.049988,0.0598027002
rel_page_image_000933,P_0280,img_000275,CONTAINS_IMAGE,280,268,2,1425,292.600006,99.049927,529.22998,296.049927,0.0930479749
rel_page_image_000934,P_0280,img_000247,CONTAINS_IMAGE,280,268,3,1426,57.349998,338.399994,157.645996,560.25,0.0444133968
rel_page_image_000935,P_0280,img_000420,CONTAINS_IMAGE,280,268,4,1427,157.949997,631.799988,335.080017,753.549988,0.043045929
rel_page_image_000936,P_0280,img_000212,CONTAINS_IMAGE,280,268,5,1428,380.0,630.5,525.179993,753.599976,0.0356726752
rel_page_image_000937,P_0281,img_000613,CONTAINS_IMAGE,281,269,1,1432,64.349998,94.150024,203.769989,212.150024,0.0328380983
rel_page_image_000938,P_0281,img_000444,CONTAINS_IMAGE,281,269,2,1433,257.928406,121.937782,388.728088,213.117981,0.0238055471
rel_page_image_000940,P_0281,img_000535,CONTAINS_IMAGE,281,269,4,1435,69.75,304.200012,242.800003,398.700012,0.0326418198
rel_page_image_000941,P_0281,img_000014,CONTAINS_IMAGE,281,269,5,1436,294.100006,255.450012,420.799988,394.950012,0.0352794416
rel_page_image_000942,P_0281,img_000046,CONTAINS_IMAGE,281,269,6,1437,352.915894,611.070679,538.906006,729.150696,0.0438366347
rel_page_image_000944,P_0282,img_000425,CONTAINS_IMAGE,282,270,1,1442,330.19101,116.002022,524.110229,212.422119,0.0373215235
rel_page_image_000946,P_0282,img_000008,CONTAINS_IMAGE,282,270,3,1444,170.800003,522.300049,519.780029,725.450073,0.1415104111
rel_page_image_000947,P_0282,img_000632,CONTAINS_IMAGE,282,270,4,1445,67.479897,99.956886,295.588684,217.319885,0.053437257
rel_page_image_000949,P_0283,img_000510,CONTAINS_IMAGE,283,271,1,1450,360.056488,194.792099,540.076416,330.872101,0.0488974074
rel_page_image_000951,P_0284,img_000284,CONTAINS_IMAGE,284,272,1,1455,56.950001,407.300018,200.697403,555.700012,0.042579919
rel_page_image_000952,P_0285,img_000178,CONTAINS_IMAGE,285,273,1,1459,70.349998,275.0,254.690002,401.350006,0.0464906697
rel_page_image_000953,P_0285,img_000271,CONTAINS_IMAGE,285,273,2,1460,311.049988,216.550003,474.465881,401.600006,0.060360709
rel_page_image_000954,P_0287,img_000374,CONTAINS_IMAGE,287,275,1,1467,71.966797,99.798798,332.702911,336.947693,0.1234221871
rel_page_image_000956,P_0290,img_000431,CONTAINS_IMAGE,290,278,1,1478,184.100006,98.949982,525.380005,315.049988,0.1472097443
rel_page_image_000957,P_0292,img_000478,CONTAINS_IMAGE,292,280,1,1485,56.75,268.649994,217.300003,471.049988,0.0648622121
rel_page_image_000958,P_0293,img_000598,CONTAINS_IMAGE,293,281,1,1489,65.050003,364.200012,355.669983,482.200012,0.0684507827
rel_page_image_000959,P_0293,img_000059,CONTAINS_IMAGE,293,281,2,1490,345.850006,521.700012,538.830017,607.75,0.0331462257
rel_page_image_000960,P_0293,img_000010,CONTAINS_IMAGE,293,281,3,1491,72.0,100.349976,336.26001,322.099976,0.1169677182
rel_page_image_000961,P_0294,img_000666,CONTAINS_IMAGE,294,282,1,1495,175.850006,99.099976,412.960022,305.099976,0.0974962839
rel_page_image_000962,P_0294,img_000099,CONTAINS_IMAGE,294,282,2,1496,76.538902,360.873505,263.548889,455.193512,0.0352078551
rel_page_image_000964,P_0294,img_000472,CONTAINS_IMAGE,294,282,4,1498,321.100006,345.5,524.609985,456.450012,0.0450696315
rel_page_image_000965,P_0295,img_000145,CONTAINS_IMAGE,295,283,1,1502,70.849998,99.150024,288.279999,292.650024,0.0839791314
rel_page_image_000966,P_0295,img_000491,CONTAINS_IMAGE,295,283,2,1503,70.599998,349.099976,333.899994,574.349976,0.1183822511
rel_page_image_000967,P_0298,img_000303,CONTAINS_IMAGE,298,286,1,1513,65.800003,399.650024,169.5,541.650024,0.0293926018
rel_page_image_000968,P_0298,img_000573,CONTAINS_IMAGE,298,286,2,1514,184.199997,630.0,361.080017,738.349976,0.0382541485
rel_page_image_000969,P_0298,img_000518,CONTAINS_IMAGE,298,286,3,1515,417.950012,637.300049,513.25,737.900024,0.0191364627
rel_page_image_000970,P_0299,img_000566,CONTAINS_IMAGE,299,287,1,1519,351.549988,123.199997,538.52002,251.0,0.0476951049
rel_page_image_000971,P_0300,img_000317,CONTAINS_IMAGE,300,288,1,1523,185.449997,650.650024,358.029999,750.200012,0.0342927745
rel_page_image_000972,P_0302,img_000512,CONTAINS_IMAGE,302,290,1,1530,110.650002,176.299927,268.809998,287.799927,0.0351999831
rel_page_image_000973,P_0302,img_000219,CONTAINS_IMAGE,302,290,2,1531,325.450012,99.75,528.992126,294.0,0.0789198501
rel_page_image_000974,P_0302,img_000166,CONTAINS_IMAGE,302,290,3,1532,70.449997,349.200012,166.921997,439.150024,0.0173210196
rel_page_image_000975,P_0305,img_000125,CONTAINS_IMAGE,305,293,1,1542,259.164215,160.897415,437.144318,296.977417,0.0483433455
rel_page_image_000977,P_0306,img_000023,CONTAINS_IMAGE,306,294,1,1547,355.75,275.849976,524.719971,538.299988,0.0885170779
rel_page_image_000979,P_0306,img_000610,CONTAINS_IMAGE,306,294,3,1549,78.044403,389.974091,222.090805,486.742096,0.0278230763
rel_page_image_000980,P_0306,img_000557,CONTAINS_IMAGE,306,294,4,1550,220.415894,438.022095,269.431702,486.742096,0.0047666625
rel_page_image_000983,P_0306,img_000551,CONTAINS_IMAGE,306,294,7,1553,125.613297,485.7341,221.644287,534.7901,0.0094031742
rel_page_image_000984,P_0306,img_000029,CONTAINS_IMAGE,306,294,8,1554,57.275002,272.710083,225.329193,508.246094,0.0790091896
rel_page_image_000988,P_0307,img_000401,CONTAINS_IMAGE,307,295,1,1560,278.700012,557.150024,461.809998,767.200012,0.0767724908
rel_page_image_000989,P_0307,img_000428,CONTAINS_IMAGE,307,295,2,1561,72.989998,532.389954,233.570099,767.099976,0.0752305616
rel_page_image_000990,P_0308,img_000233,CONTAINS_IMAGE,308,296,1,1565,176.334595,337.355286,304.334595,513.505371,0.0450053114
rel_page_image_000991,P_0308,img_000153,CONTAINS_IMAGE,308,296,2,1566,191.628998,462.673492,302.989014,504.9711,0.0094019087
rel_page_image_000992,P_0308,img_000554,CONTAINS_IMAGE,308,296,3,1567,361.099304,336.388062,502.099304,513.767944,0.0499222808
rel_page_image_000994,P_0308,img_000189,CONTAINS_IMAGE,308,296,5,1569,169.174194,575.560913,332.164185,755.580811,0.0585669202
rel_page_image_000995,P_0308,img_000427,CONTAINS_IMAGE,308,296,6,1570,177.805893,705.21582,322.756989,747.280396,0.0121705149
rel_page_image_000996,P_0308,img_000447,CONTAINS_IMAGE,308,296,7,1571,388.683594,664.261963,523.647217,756.853577,0.024943611
rel_page_image_000997,P_0308,img_000143,CONTAINS_IMAGE,308,296,8,1572,396.518585,678.12677,523.737305,737.880371,0.0151735097
rel_page_image_000998,P_0309,img_000435,CONTAINS_IMAGE,309,297,1,1576,71.5,626.099976,305.4198,765.75,0.0652047062
rel_page_image_000999,P_0310,img_000593,CONTAINS_IMAGE,310,298,1,1580,124.0,98.899986,167.669998,191.549988,0.0080760602
rel_page_image_001000,P_0310,img_000579,CONTAINS_IMAGE,310,298,2,1581,124.699997,225.75,167.438599,318.75,0.0079336712
rel_page_image_001001,P_0310,img_000363,CONTAINS_IMAGE,310,298,3,1582,123.349998,362.100006,167.25,455.25,0.0081624082
rel_page_image_001002,P_0310,img_000495,CONTAINS_IMAGE,310,298,4,1583,132.050003,655.149963,174.788605,748.599976,0.007972061
rel_page_image_001003,P_0310,img_000311,CONTAINS_IMAGE,310,298,5,1584,285.299988,655.200012,329.467987,748.200012,0.0081990138
rel_page_image_001004,P_0310,img_000523,CONTAINS_IMAGE,310,298,6,1585,441.899994,656.550049,484.617981,750.650024,0.0080236363
rel_page_image_001005,P_0312,img_000624,CONTAINS_IMAGE,312,300,1,1592,225.261902,99.616501,525.013794,326.358093,0.1356638283
rel_page_image_001007,P_0313,img_000498,CONTAINS_IMAGE,313,301,1,1597,71.576103,98.515381,323.596008,323.865479,0.1133609657
rel_page_image_001009,P_0313,img_000237,CONTAINS_IMAGE,313,301,3,1599,70.785004,364.711517,324.785004,479.411713,0.0581525572
rel_page_image_001011,P_0313,img_000297,CONTAINS_IMAGE,313,301,5,1601,68.900002,517.099976,312.23999,660.0,0.0694091505
rel_page_image_001012,P_0314,img_000112,CONTAINS_IMAGE,314,302,1,1605,182.550003,94.750031,442.220032,253.150024,0.0821009021
rel_page_image_001013,P_0314,img_000332,CONTAINS_IMAGE,314,302,2,1606,184.449997,285.099976,435.51001,427.049988,0.0711350963
rel_page_image_001014,P_0314,img_000094,CONTAINS_IMAGE,314,302,3,1607,99.599998,462.100006,306.01001,593.950012,0.0543227634
rel_page_image_001015,P_0314,img_000396,CONTAINS_IMAGE,314,302,4,1608,359.0,481.850006,524.849976,598.950012,0.038765311
rel_page_image_001016,P_0315,img_000405,CONTAINS_IMAGE,315,303,1,1612,396.101288,99.6651,540.031372,227.761902,0.0368011008
rel_page_image_001018,P_0316,img_000011,CONTAINS_IMAGE,316,304,1,1617,177.550003,547.650024,331.150024,745.650024,0.0607054117
rel_page_image_001019,P_0316,img_000502,CONTAINS_IMAGE,316,304,2,1618,386.799988,531.049988,524.549988,745.25,0.0588954903
rel_page_image_001020,P_0318,img_000627,CONTAINS_IMAGE,318,306,1,1625,183.149994,99.299988,456.259979,231.049988,0.071822273
rel_page_image_001021,P_0318,img_000037,CONTAINS_IMAGE,318,306,2,1626,183.850006,265.399994,459.110016,397.149994,0.072387685
rel_page_image_001022,P_0318,img_000318,CONTAINS_IMAGE,318,306,3,1627,178.949997,431.549988,459.029968,563.299988,0.0736552351
rel_page_image_001023,P_0319,img_000087,CONTAINS_IMAGE,319,307,1,1631,70.849998,99.299973,241.839905,283.599976,0.0629023339
rel_page_image_001024,P_0319,img_000542,CONTAINS_IMAGE,319,307,2,1632,297.649994,99.299973,468.639893,283.599976,0.0629023311
rel_page_image_001025,P_0319,img_000343,CONTAINS_IMAGE,319,307,3,1633,70.849998,317.900024,241.839905,502.200012,0.0629023287
rel_page_image_001026,P_0319,img_000137,CONTAINS_IMAGE,319,307,4,1634,297.649994,317.900024,468.639893,502.200012,0.0629023259
rel_page_image_001027,P_0320,img_000051,CONTAINS_IMAGE,320,308,1,1638,127.199997,99.249985,298.18988,283.549988,0.0629023255
rel_page_image_001028,P_0320,img_000292,CONTAINS_IMAGE,320,308,2,1639,354.25,99.249985,525.239868,283.549988,0.0629023199
rel_page_image_001029,P_0320,img_000366,CONTAINS_IMAGE,320,308,3,1640,127.199997,317.900024,298.18988,502.200012,0.0629023203
rel_page_image_001030,P_0320,img_000592,CONTAINS_IMAGE,320,308,4,1641,354.700012,317.900024,525.689941,502.200012,0.0629023371
rel_page_image_001031,P_0321,img_000089,CONTAINS_IMAGE,321,309,1,1645,70.849998,99.249985,241.839905,283.549988,0.0629023339
rel_page_image_001032,P_0321,img_000619,CONTAINS_IMAGE,321,309,2,1646,297.649994,99.249985,468.639893,283.549988,0.0629023311
rel_page_image_001033,P_0321,img_000362,CONTAINS_IMAGE,321,309,3,1647,368.5,537.150024,539.489868,721.450012,0.0629023146
rel_page_image_001034,P_0322,img_000590,CONTAINS_IMAGE,322,310,1,1651,354.700012,99.249985,525.689941,283.549988,0.0629023423
rel_page_image_001035,P_0322,img_000049,CONTAINS_IMAGE,322,310,2,1652,56.950001,326.950012,227.939896,511.25,0.0629023245
rel_page_image_001036,P_0322,img_000335,CONTAINS_IMAGE,322,310,3,1653,56.900002,545.5,227.889893,729.799988,0.0629023231
rel_page_image_001037,P_0322,img_000704,CONTAINS_IMAGE,322,310,4,1654,128.300003,99.600021,312.299988,283.900024,0.0676883725
rel_page_image_001038,P_0323,img_000065,CONTAINS_IMAGE,323,311,1,1658,70.849998,99.299973,241.839905,283.599976,0.0629023339
rel_page_image_001039,P_0323,img_000342,CONTAINS_IMAGE,323,311,2,1659,297.649994,99.299973,468.639893,283.599976,0.0629023311
rel_page_image_001040,P_0323,img_000667,CONTAINS_IMAGE,323,311,3,1660,368.5,487.100037,539.489868,671.400024,0.0629023146
rel_page_image_001041,P_0324,img_000172,CONTAINS_IMAGE,324,312,1,1664,127.5,99.40007,298.489899,283.700073,0.0629023311
rel_page_image_001042,P_0324,img_000637,CONTAINS_IMAGE,324,312,2,1665,354.600006,99.549973,525.589905,283.849976,0.0629023311
rel_page_image_001043,P_0324,img_000168,CONTAINS_IMAGE,324,312,3,1666,56.5,319.0,227.489899,503.299988,0.0629023259
rel_page_image_001044,P_0324,img_000283,CONTAINS_IMAGE,324,312,4,1667,56.700001,537.549988,227.689896,721.849976,0.0629023245
rel_page_image_001045,P_0325,img_000062,CONTAINS_IMAGE,325,313,1,1671,368.399994,99.40007,539.389893,283.700073,0.0629023311
rel_page_image_001046,P_0325,img_000563,CONTAINS_IMAGE,325,313,2,1672,368.5,317.900024,539.489868,502.200012,0.0629023146
rel_page_image_001047,P_0325,img_000571,CONTAINS_IMAGE,325,313,3,1673,368.450012,545.5,539.439941,729.799988,0.0629023371
rel_page_image_001048,P_0326,img_000570,CONTAINS_IMAGE,326,314,1,1677,133.149994,113.049973,304.139893,297.349976,0.0629023311
rel_page_image_001049,P_0326,img_000218,CONTAINS_IMAGE,326,314,2,1678,342.649994,99.349976,525.640015,297.849976,0.0725034813
rel_page_image_001050,P_0327,img_000682,CONTAINS_IMAGE,327,315,1,1682,346.350006,347.900024,541.22998,417.850037,0.0272098377
rel_page_image_001051,P_0327,img_000731,CONTAINS_IMAGE,327,315,2,1683,346.0,452.399963,468.660004,576.349976,0.0303473302
rel_page_image_001052,P_0327,img_000222,CONTAINS_IMAGE,327,315,3,1684,339.299988,617.199951,462.919983,726.099976,0.0268712359
rel_page_image_001053,P_0327,img_000455,CONTAINS_IMAGE,327,315,4,1685,71.760002,98.738403,300.75,290.968506,0.0878635717
rel_page_image_001056,P_0329,img_000647,CONTAINS_IMAGE,329,317,1,1694,71.963997,127.550629,182.975494,256.236328,0.0285147253
rel_page_image_001058,P_0329,img_000597,CONTAINS_IMAGE,329,317,3,1696,231.057007,99.283417,413.139313,259.747009,0.0583196889
rel_page_image_001060,P_0330,img_000707,CONTAINS_IMAGE,330,318,1,1701,56.601101,99.597809,242.591202,286.56781,0.0694117036
rel_page_image_001062,P_0332,img_000718,CONTAINS_IMAGE,332,320,1,1709,57.450001,99.400009,205.779999,343.950012,0.0724048413
rel_page_image_001063,P_0335,img_000558,CONTAINS_IMAGE,335,323,1,1719,420.100006,99.299988,454.649994,225.299988,0.0086893919
rel_page_image_001064,P_0335,img_000040,CONTAINS_IMAGE,335,323,2,1720,245.449997,107.549973,278.799988,227.349976,0.0079748678
rel_page_image_001065,P_0335,img_000654,CONTAINS_IMAGE,335,323,3,1721,70.849998,105.549973,107.309898,225.599976,0.0087367235
rel_page_image_001066,P_0335,img_000188,CONTAINS_IMAGE,335,323,4,1722,400.399994,528.75,538.419983,639.799988,0.0305936607
rel_page_image_001067,P_0336,img_000514,CONTAINS_IMAGE,336,324,1,1726,68.300003,99.300026,167.420013,200.900024,0.0201013851
rel_page_image_001068,P_0346,img_000720,CONTAINS_IMAGE,346,334,1,1757,56.649899,92.51149,395.649994,162.035889,0.0470444077
rel_page_image_001069,P_0346,img_000015,CONTAINS_IMAGE,346,334,2,1758,53.5299,214.878799,389.910004,300.686096,0.0576136598
rel_page_image_001070,P_0346,img_000689,CONTAINS_IMAGE,346,334,3,1759,51.5499,341.429688,390.731201,437.56189,0.0650836252
rel_page_image_001071,P_0347,img_000644,CONTAINS_IMAGE,347,335,1,1763,322.195007,89.362732,528.90332,260.482727,0.070604055
rel_page_image_001072,P_0347,img_000452,CONTAINS_IMAGE,347,335,2,1764,528.064514,89.362732,546.039124,260.482727,0.006139474
rel_page_image_001080,P_0347,img_000085,CONTAINS_IMAGE,347,335,10,1771,311.251007,502.349396,520.088196,710.511902,0.0867723359
rel_page_image_001081,P_0347,img_000340,CONTAINS_IMAGE,347,335,11,1772,518.47821,502.349396,554.450195,710.511902,0.0149464431
rel_page_image_001090,P_0348,img_000736,CONTAINS_IMAGE,348,336,1,1784,184.350006,522.849976,437.219727,618.349976,0.0482026753
rel_page_image_001091,P_0354,img_000127,CONTAINS_IMAGE,354,342,1,1803,74.715897,225.250031,210.761002,512.290039,0.0779464422
rel_page_image_001092,P_0354,img_000662,CONTAINS_IMAGE,354,342,2,1804,74.715897,511.570435,210.761002,756.370422,0.0664760575
rel_page_image_001108,P_0356,img_000041,CONTAINS_IMAGE,356,344,1,1823,92.379898,159.461121,206.238602,302.910217,0.0326013058
rel_page_image_001109,P_0356,img_000265,CONTAINS_IMAGE,356,344,2,1824,87.610001,517.890137,212.599899,665.250122,0.0367642261
rel_page_image_001112,P_0356,img_000147,CONTAINS_IMAGE,356,344,5,1827,55.720001,339.249817,206.710007,480.839905,0.042672884
rel_page_image_001116,P_0357,img_000741,CONTAINS_IMAGE,357,345,1,1833,70.800003,358.813599,210.867096,547.709717,0.0528116931
rel_page_image_001118,P_0357,img_000465,CONTAINS_IMAGE,357,345,3,1835,231.779999,385.558533,412.951294,547.109619,0.0584211652
rel_page_image_001120,P_0357,img_000724,CONTAINS_IMAGE,357,345,5,1837,70.800003,625.956909,253.835602,755.463989,0.0473151279
rel_page_image_001122,P_0357,img_000187,CONTAINS_IMAGE,357,345,7,1839,274.799988,589.397827,455.879486,758.064819,0.0609635608
rel_page_image_001124,P_0358,img_000477,CONTAINS_IMAGE,358,346,1,1844,56.649899,99.596909,236.680801,275.128906,0.0630774746
rel_page_image_001126,P_0360,img_000268,CONTAINS_IMAGE,360,348,1,1852,184.350006,99.299988,432.730011,234.049988,0.0668061352
rel_page_image_001127,P_0361,img_000383,CONTAINS_IMAGE,361,349,1,1856,70.849998,99.299973,462.309998,295.849976,0.1535788419
rel_page_image_001129,P_0398,img_000129,CONTAINS_IMAGE,398,,2,2355,891.689514,352.252991,1042.4375,445.079498,0.0281315942
rel_page_image_001131,P_0398,img_000651,CONTAINS_IMAGE,398,,4,2358,890.780029,352.25,1025.280029,446.049988,0.0253627231
