relation_id,start_id,end_id,relation_type,pdf_page
R_DOC_PAGE_0001,DOC_WHO_2003,P_0001,HAS_PAGE,1
R_DOC_PAGE_0002,DOC_WHO_2003,P_0002,HAS_PAGE,2
R_DOC_PAGE_0003,DOC_WHO_2003,P_0003,HAS_PAGE,3
R_DOC_PAGE_0004,DOC_WHO_2003,P_0004,HAS_PAGE,4
R_DOC_PAGE_0005,DOC_WHO_2003,P_0005,HAS_PAGE,5
R_DOC_PAGE_0006,DOC_WHO_2003,P_0006,HAS_PAGE,6
R_DOC_PAGE_0007,DOC_WHO_2003,P_0007,HAS_PAGE,7
R_DOC_PAGE_0008,DOC_WHO_2003,P_0008,HAS_PAGE,8
R_DOC_PAGE_0009,DOC_WHO_2003,P_0009,HAS_PAGE,9
R_DOC_PAGE_0010,DOC_WHO_2003,P_0010,HAS_PAGE,10
R_DOC_PAGE_0011,DOC_WHO_2003,P_0011,HAS_PAGE,11
R_DOC_PAGE_0012,DOC_WHO_2003,P_0012,HAS_PAGE,12
R_DOC_PAGE_0013,DOC_WHO_2003,P_0013,HAS_PAGE,13
R_DOC_PAGE_0014,DOC_WHO_2003,P_0014,HAS_PAGE,14
R_DOC_PAGE_0015,DOC_WHO_2003,P_0015,HAS_PAGE,15
R_DOC_PAGE_0016,DOC_WHO_2003,P_0016,HAS_PAGE,16
R_DOC_PAGE_0017,DOC_WHO_2003,P_0017,HAS_PAGE,17
R_DOC_PAGE_0018,DOC_WHO_2003,P_0018,HAS_PAGE,18
R_DOC_PAGE_0019,DOC_WHO_2003,P_0019,HAS_PAGE,19
R_DOC_PAGE_0020,DOC_WHO_2003,P_0020,HAS_PAGE,20
R_DOC_PAGE_0021,DOC_WHO_2003,P_0021,HAS_PAGE,21
R_DOC_PAGE_0022,DOC_WHO_2003,P_0022,HAS_PAGE,22
R_DOC_PAGE_0023,DOC_WHO_2003,P_0023,HAS_PAGE,23
R_DOC_PAGE_0024,DOC_WHO_2003,P_0024,HAS_PAGE,24
R_DOC_PAGE_0025,DOC_WHO_2003,P_0025,HAS_PAGE,25
R_DOC_PAGE_0026,DOC_WHO_2003,P_0026,HAS_PAGE,26
R_DOC_PAGE_0027,DOC_WHO_2003,P_0027,HAS_PAGE,27
R_DOC_PAGE_0028,DOC_WHO_2003,P_0028,HAS_PAGE,28
R_DOC_PAGE_0029,DOC_WHO_2003,P_0029,HAS_PAGE,29
R_DOC_PAGE_0030,DOC_WHO_2003,P_0030,HAS_PAGE,30
R_DOC_PAGE_0031,DOC_WHO_2003,P_0031,HAS_PAGE,31
R_DOC_PAGE_0032,DOC_WHO_2003,P_0032,HAS_PAGE,32
R_DOC_PAGE_0033,DOC_WHO_2003,P_0033,HAS_PAGE,33
R_DOC_PAGE_0034,DOC_WHO_2003,P_0034,HAS_PAGE,34
R_DOC_PAGE_0035,DOC_WHO_2003,P_0035,HAS_PAGE,35
R_DOC_PAGE_0036,DOC_WHO_2003,P_0036,HAS_PAGE,36
R_DOC_PAGE_0037,DOC_WHO_2003,P_0037,HAS_PAGE,37
R_DOC_PAGE_0038,DOC_WHO_2003,P_0038,HAS_PAGE,38
R_DOC_PAGE_0039,DOC_WHO_2003,P_0039,HAS_PAGE,39
R_DOC_PAGE_0040,DOC_WHO_2003,P_0040,HAS_PAGE,40
R_DOC_PAGE_0041,DOC_WHO_2003,P_0041,HAS_PAGE,41
R_DOC_PAGE_0042,DOC_WHO_2003,P_0042,HAS_PAGE,42
R_DOC_PAGE_0043,DOC_WHO_2003,P_0043,HAS_PAGE,43
R_DOC_PAGE_0044,DOC_WHO_2003,P_0044,HAS_PAGE,44
R_DOC_PAGE_0045,DOC_WHO_2003,P_0045,HAS_PAGE,45
R_DOC_PAGE_0046,DOC_WHO_2003,P_0046,HAS_PAGE,46
R_DOC_PAGE_0047,DOC_WHO_2003,P_0047,HAS_PAGE,47
R_DOC_PAGE_0048,DOC_WHO_2003,P_0048,HAS_PAGE,48
R_DOC_PAGE_0049,DOC_WHO_2003,P_0049,HAS_PAGE,49
R_DOC_PAGE_0050,DOC_WHO_2003,P_0050,HAS_PAGE,50
R_DOC_PAGE_0051,DOC_WHO_2003,P_0051,HAS_PAGE,51
R_DOC_PAGE_0052,DOC_WHO_2003,P_0052,HAS_PAGE,52
R_DOC_PAGE_0053,DOC_WHO_2003,P_0053,HAS_PAGE,53
R_DOC_PAGE_0054,DOC_WHO_2003,P_0054,HAS_PAGE,54
R_DOC_PAGE_0055,DOC_WHO_2003,P_0055,HAS_PAGE,55
R_DOC_PAGE_0056,DOC_WHO_2003,P_0056,HAS_PAGE,56
R_DOC_PAGE_0057,DOC_WHO_2003,P_0057,HAS_PAGE,57
R_DOC_PAGE_0058,DOC_WHO_2003,P_0058,HAS_PAGE,58
R_DOC_PAGE_0059,DOC_WHO_2003,P_0059,HAS_PAGE,59
R_DOC_PAGE_0060,DOC_WHO_2003,P_0060,HAS_PAGE,60
R_DOC_PAGE_0061,DOC_WHO_2003,P_0061,HAS_PAGE,61
R_DOC_PAGE_0062,DOC_WHO_2003,P_0062,HAS_PAGE,62
R_DOC_PAGE_0063,DOC_WHO_2003,P_0063,HAS_PAGE,63
R_DOC_PAGE_0064,DOC_WHO_2003,P_0064,HAS_PAGE,64
R_DOC_PAGE_0065,DOC_WHO_2003,P_0065,HAS_PAGE,65
R_DOC_PAGE_0066,DOC_WHO_2003,P_0066,HAS_PAGE,66
R_DOC_PAGE_0067,DOC_WHO_2003,P_0067,HAS_PAGE,67
R_DOC_PAGE_0068,DOC_WHO_2003,P_0068,HAS_PAGE,68
R_DOC_PAGE_0069,DOC_WHO_2003,P_0069,HAS_PAGE,69
R_DOC_PAGE_0070,DOC_WHO_2003,P_0070,HAS_PAGE,70
R_DOC_PAGE_0071,DOC_WHO_2003,P_0071,HAS_PAGE,71
R_DOC_PAGE_0072,DOC_WHO_2003,P_0072,HAS_PAGE,72
R_DOC_PAGE_0073,DOC_WHO_2003,P_0073,HAS_PAGE,73
R_DOC_PAGE_0074,DOC_WHO_2003,P_0074,HAS_PAGE,74
R_DOC_PAGE_0075,DOC_WHO_2003,P_0075,HAS_PAGE,75
R_DOC_PAGE_0076,DOC_WHO_2003,P_0076,HAS_PAGE,76
R_DOC_PAGE_0077,DOC_WHO_2003,P_0077,HAS_PAGE,77
R_DOC_PAGE_0078,DOC_WHO_2003,P_0078,HAS_PAGE,78
R_DOC_PAGE_0079,DOC_WHO_2003,P_0079,HAS_PAGE,79
R_DOC_PAGE_0080,DOC_WHO_2003,P_0080,HAS_PAGE,80
R_DOC_PAGE_0081,DOC_WHO_2003,P_0081,HAS_PAGE,81
R_DOC_PAGE_0082,DOC_WHO_2003,P_0082,HAS_PAGE,82
R_DOC_PAGE_0083,DOC_WHO_2003,P_0083,HAS_PAGE,83
R_DOC_PAGE_0084,DOC_WHO_2003,P_0084,HAS_PAGE,84
R_DOC_PAGE_0085,DOC_WHO_2003,P_0085,HAS_PAGE,85
R_DOC_PAGE_0086,DOC_WHO_2003,P_0086,HAS_PAGE,86
R_DOC_PAGE_0087,DOC_WHO_2003,P_0087,HAS_PAGE,87
R_DOC_PAGE_0088,DOC_WHO_2003,P_0088,HAS_PAGE,88
R_DOC_PAGE_0089,DOC_WHO_2003,P_0089,HAS_PAGE,89
R_DOC_PAGE_0090,DOC_WHO_2003,P_0090,HAS_PAGE,90
R_DOC_PAGE_0091,DOC_WHO_2003,P_0091,HAS_PAGE,91
R_DOC_PAGE_0092,DOC_WHO_2003,P_0092,HAS_PAGE,92
R_DOC_PAGE_0093,DOC_WHO_2003,P_0093,HAS_PAGE,93
R_DOC_PAGE_0094,DOC_WHO_2003,P_0094,HAS_PAGE,94
R_DOC_PAGE_0095,DOC_WHO_2003,P_0095,HAS_PAGE,95
R_DOC_PAGE_0096,DOC_WHO_2003,P_0096,HAS_PAGE,96
R_DOC_PAGE_0097,DOC_WHO_2003,P_0097,HAS_PAGE,97
R_DOC_PAGE_0098,DOC_WHO_2003,P_0098,HAS_PAGE,98
R_DOC_PAGE_0099,DOC_WHO_2003,P_0099,HAS_PAGE,99
R_DOC_PAGE_0100,DOC_WHO_2003,P_0100,HAS_PAGE,100
R_DOC_PAGE_0101,DOC_WHO_2003,P_0101,HAS_PAGE,101
R_DOC_PAGE_0102,DOC_WHO_2003,P_0102,HAS_PAGE,102
R_DOC_PAGE_0103,DOC_WHO_2003,P_0103,HAS_PAGE,103
R_DOC_PAGE_0104,DOC_WHO_2003,P_0104,HAS_PAGE,104
R_DOC_PAGE_0105,DOC_WHO_2003,P_0105,HAS_PAGE,105
R_DOC_PAGE_0106,DOC_WHO_2003,P_0106,HAS_PAGE,106
R_DOC_PAGE_0107,DOC_WHO_2003,P_0107,HAS_PAGE,107
R_DOC_PAGE_0108,DOC_WHO_2003,P_0108,HAS_PAGE,108
R_DOC_PAGE_0109,DOC_WHO_2003,P_0109,HAS_PAGE,109
R_DOC_PAGE_0110,DOC_WHO_2003,P_0110,HAS_PAGE,110
R_DOC_PAGE_0111,DOC_WHO_2003,P_0111,HAS_PAGE,111
R_DOC_PAGE_0112,DOC_WHO_2003,P_0112,HAS_PAGE,112
R_DOC_PAGE_0113,DOC_WHO_2003,P_0113,HAS_PAGE,113
R_DOC_PAGE_0114,DOC_WHO_2003,P_0114,HAS_PAGE,114
R_DOC_PAGE_0115,DOC_WHO_2003,P_0115,HAS_PAGE,115
R_DOC_PAGE_0116,DOC_WHO_2003,P_0116,HAS_PAGE,116
R_DOC_PAGE_0117,DOC_WHO_2003,P_0117,HAS_PAGE,117
R_DOC_PAGE_0118,DOC_WHO_2003,P_0118,HAS_PAGE,118
R_DOC_PAGE_0119,DOC_WHO_2003,P_0119,HAS_PAGE,119
R_DOC_PAGE_0120,DOC_WHO_2003,P_0120,HAS_PAGE,120
R_DOC_PAGE_0121,DOC_WHO_2003,P_0121,HAS_PAGE,121
R_DOC_PAGE_0122,DOC_WHO_2003,P_0122,HAS_PAGE,122
R_DOC_PAGE_0123,DOC_WHO_2003,P_0123,HAS_PAGE,123
R_DOC_PAGE_0124,DOC_WHO_2003,P_0124,HAS_PAGE,124
R_DOC_PAGE_0125,DOC_WHO_2003,P_0125,HAS_PAGE,125
R_DOC_PAGE_0126,DOC_WHO_2003,P_0126,HAS_PAGE,126
R_DOC_PAGE_0127,DOC_WHO_2003,P_0127,HAS_PAGE,127
R_DOC_PAGE_0128,DOC_WHO_2003,P_0128,HAS_PAGE,128
R_DOC_PAGE_0129,DOC_WHO_2003,P_0129,HAS_PAGE,129
R_DOC_PAGE_0130,DOC_WHO_2003,P_0130,HAS_PAGE,130
R_DOC_PAGE_0131,DOC_WHO_2003,P_0131,HAS_PAGE,131
R_DOC_PAGE_0132,DOC_WHO_2003,P_0132,HAS_PAGE,132
R_DOC_PAGE_0133,DOC_WHO_2003,P_0133,HAS_PAGE,133
R_DOC_PAGE_0134,DOC_WHO_2003,P_0134,HAS_PAGE,134
R_DOC_PAGE_0135,DOC_WHO_2003,P_0135,HAS_PAGE,135
R_DOC_PAGE_0136,DOC_WHO_2003,P_0136,HAS_PAGE,136
R_DOC_PAGE_0137,DOC_WHO_2003,P_0137,HAS_PAGE,137
R_DOC_PAGE_0138,DOC_WHO_2003,P_0138,HAS_PAGE,138
R_DOC_PAGE_0139,DOC_WHO_2003,P_0139,HAS_PAGE,139
R_DOC_PAGE_0140,DOC_WHO_2003,P_0140,HAS_PAGE,140
R_DOC_PAGE_0141,DOC_WHO_2003,P_0141,HAS_PAGE,141
R_DOC_PAGE_0142,DOC_WHO_2003,P_0142,HAS_PAGE,142
R_DOC_PAGE_0143,DOC_WHO_2003,P_0143,HAS_PAGE,143
R_DOC_PAGE_0144,DOC_WHO_2003,P_0144,HAS_PAGE,144
R_DOC_PAGE_0145,DOC_WHO_2003,P_0145,HAS_PAGE,145
R_DOC_PAGE_0146,DOC_WHO_2003,P_0146,HAS_PAGE,146
R_DOC_PAGE_0147,DOC_WHO_2003,P_0147,HAS_PAGE,147
R_DOC_PAGE_0148,DOC_WHO_2003,P_0148,HAS_PAGE,148
R_DOC_PAGE_0149,DOC_WHO_2003,P_0149,HAS_PAGE,149
R_DOC_PAGE_0150,DOC_WHO_2003,P_0150,HAS_PAGE,150
R_DOC_PAGE_0151,DOC_WHO_2003,P_0151,HAS_PAGE,151
R_DOC_PAGE_0152,DOC_WHO_2003,P_0152,HAS_PAGE,152
R_DOC_PAGE_0153,DOC_WHO_2003,P_0153,HAS_PAGE,153
R_DOC_PAGE_0154,DOC_WHO_2003,P_0154,HAS_PAGE,154
R_DOC_PAGE_0155,DOC_WHO_2003,P_0155,HAS_PAGE,155
R_DOC_PAGE_0156,DOC_WHO_2003,P_0156,HAS_PAGE,156
R_DOC_PAGE_0157,DOC_WHO_2003,P_0157,HAS_PAGE,157
R_DOC_PAGE_0158,DOC_WHO_2003,P_0158,HAS_PAGE,158
R_DOC_PAGE_0159,DOC_WHO_2003,P_0159,HAS_PAGE,159
R_DOC_PAGE_0160,DOC_WHO_2003,P_0160,HAS_PAGE,160
R_DOC_PAGE_0161,DOC_WHO_2003,P_0161,HAS_PAGE,161
R_DOC_PAGE_0162,DOC_WHO_2003,P_0162,HAS_PAGE,162
R_DOC_PAGE_0163,DOC_WHO_2003,P_0163,HAS_PAGE,163
R_DOC_PAGE_0164,DOC_WHO_2003,P_0164,HAS_PAGE,164
R_DOC_PAGE_0165,DOC_WHO_2003,P_0165,HAS_PAGE,165
R_DOC_PAGE_0166,DOC_WHO_2003,P_0166,HAS_PAGE,166
R_DOC_PAGE_0167,DOC_WHO_2003,P_0167,HAS_PAGE,167
R_DOC_PAGE_0168,DOC_WHO_2003,P_0168,HAS_PAGE,168
R_DOC_PAGE_0169,DOC_WHO_2003,P_0169,HAS_PAGE,169
R_DOC_PAGE_0170,DOC_WHO_2003,P_0170,HAS_PAGE,170
R_DOC_PAGE_0171,DOC_WHO_2003,P_0171,HAS_PAGE,171
R_DOC_PAGE_0172,DOC_WHO_2003,P_0172,HAS_PAGE,172
R_DOC_PAGE_0173,DOC_WHO_2003,P_0173,HAS_PAGE,173
R_DOC_PAGE_0174,DOC_WHO_2003,P_0174,HAS_PAGE,174
R_DOC_PAGE_0175,DOC_WHO_2003,P_0175,HAS_PAGE,175
R_DOC_PAGE_0176,DOC_WHO_2003,P_0176,HAS_PAGE,176
R_DOC_PAGE_0177,DOC_WHO_2003,P_0177,HAS_PAGE,177
R_DOC_PAGE_0178,DOC_WHO_2003,P_0178,HAS_PAGE,178
R_DOC_PAGE_0179,DOC_WHO_2003,P_0179,HAS_PAGE,179
R_DOC_PAGE_0180,DOC_WHO_2003,P_0180,HAS_PAGE,180
R_DOC_PAGE_0181,DOC_WHO_2003,P_0181,HAS_PAGE,181
R_DOC_PAGE_0182,DOC_WHO_2003,P_0182,HAS_PAGE,182
R_DOC_PAGE_0183,DOC_WHO_2003,P_0183,HAS_PAGE,183
R_DOC_PAGE_0184,DOC_WHO_2003,P_0184,HAS_PAGE,184
R_DOC_PAGE_0185,DOC_WHO_2003,P_0185,HAS_PAGE,185
R_DOC_PAGE_0186,DOC_WHO_2003,P_0186,HAS_PAGE,186
R_DOC_PAGE_0187,DOC_WHO_2003,P_0187,HAS_PAGE,187
R_DOC_PAGE_0188,DOC_WHO_2003,P_0188,HAS_PAGE,188
R_DOC_PAGE_0189,DOC_WHO_2003,P_0189,HAS_PAGE,189
R_DOC_PAGE_0190,DOC_WHO_2003,P_0190,HAS_PAGE,190
R_DOC_PAGE_0191,DOC_WHO_2003,P_0191,HAS_PAGE,191
R_DOC_PAGE_0192,DOC_WHO_2003,P_0192,HAS_PAGE,192
R_DOC_PAGE_0193,DOC_WHO_2003,P_0193,HAS_PAGE,193
R_DOC_PAGE_0194,DOC_WHO_2003,P_0194,HAS_PAGE,194
R_DOC_PAGE_0195,DOC_WHO_2003,P_0195,HAS_PAGE,195
R_DOC_PAGE_0196,DOC_WHO_2003,P_0196,HAS_PAGE,196
R_DOC_PAGE_0197,DOC_WHO_2003,P_0197,HAS_PAGE,197
R_DOC_PAGE_0198,DOC_WHO_2003,P_0198,HAS_PAGE,198
R_DOC_PAGE_0199,DOC_WHO_2003,P_0199,HAS_PAGE,199
R_DOC_PAGE_0200,DOC_WHO_2003,P_0200,HAS_PAGE,200
R_DOC_PAGE_0201,DOC_WHO_2003,P_0201,HAS_PAGE,201
R_DOC_PAGE_0202,DOC_WHO_2003,P_0202,HAS_PAGE,202
R_DOC_PAGE_0203,DOC_WHO_2003,P_0203,HAS_PAGE,203
R_DOC_PAGE_0204,DOC_WHO_2003,P_0204,HAS_PAGE,204
R_DOC_PAGE_0205,DOC_WHO_2003,P_0205,HAS_PAGE,205
R_DOC_PAGE_0206,DOC_WHO_2003,P_0206,HAS_PAGE,206
R_DOC_PAGE_0207,DOC_WHO_2003,P_0207,HAS_PAGE,207
R_DOC_PAGE_0208,DOC_WHO_2003,P_0208,HAS_PAGE,208
R_DOC_PAGE_0209,DOC_WHO_2003,P_0209,HAS_PAGE,209
R_DOC_PAGE_0210,DOC_WHO_2003,P_0210,HAS_PAGE,210
R_DOC_PAGE_0211,DOC_WHO_2003,P_0211,HAS_PAGE,211
R_DOC_PAGE_0212,DOC_WHO_2003,P_0212,HAS_PAGE,212
R_DOC_PAGE_0213,DOC_WHO_2003,P_0213,HAS_PAGE,213
R_DOC_PAGE_0214,DOC_WHO_2003,P_0214,HAS_PAGE,214
R_DOC_PAGE_0215,DOC_WHO_2003,P_0215,HAS_PAGE,215
R_DOC_PAGE_0216,DOC_WHO_2003,P_0216,HAS_PAGE,216
R_DOC_PAGE_0217,DOC_WHO_2003,P_0217,HAS_PAGE,217
R_DOC_PAGE_0218,DOC_WHO_2003,P_0218,HAS_PAGE,218
R_DOC_PAGE_0219,DOC_WHO_2003,P_0219,HAS_PAGE,219
R_DOC_PAGE_0220,DOC_WHO_2003,P_0220,HAS_PAGE,220
R_DOC_PAGE_0221,DOC_WHO_2003,P_0221,HAS_PAGE,221
R_DOC_PAGE_0222,DOC_WHO_2003,P_0222,HAS_PAGE,222
R_DOC_PAGE_0223,DOC_WHO_2003,P_0223,HAS_PAGE,223
R_DOC_PAGE_0224,DOC_WHO_2003,P_0224,HAS_PAGE,224
R_DOC_PAGE_0225,DOC_WHO_2003,P_0225,HAS_PAGE,225
R_DOC_PAGE_0226,DOC_WHO_2003,P_0226,HAS_PAGE,226
R_DOC_PAGE_0227,DOC_WHO_2003,P_0227,HAS_PAGE,227
R_DOC_PAGE_0228,DOC_WHO_2003,P_0228,HAS_PAGE,228
R_DOC_PAGE_0229,DOC_WHO_2003,P_0229,HAS_PAGE,229
R_DOC_PAGE_0230,DOC_WHO_2003,P_0230,HAS_PAGE,230
R_DOC_PAGE_0231,DOC_WHO_2003,P_0231,HAS_PAGE,231
R_DOC_PAGE_0232,DOC_WHO_2003,P_0232,HAS_PAGE,232
R_DOC_PAGE_0233,DOC_WHO_2003,P_0233,HAS_PAGE,233
R_DOC_PAGE_0234,DOC_WHO_2003,P_0234,HAS_PAGE,234
R_DOC_PAGE_0235,DOC_WHO_2003,P_0235,HAS_PAGE,235
R_DOC_PAGE_0236,DOC_WHO_2003,P_0236,HAS_PAGE,236
R_DOC_PAGE_0237,DOC_WHO_2003,P_0237,HAS_PAGE,237
R_DOC_PAGE_0238,DOC_WHO_2003,P_0238,HAS_PAGE,238
R_DOC_PAGE_0239,DOC_WHO_2003,P_0239,HAS_PAGE,239
R_DOC_PAGE_0240,DOC_WHO_2003,P_0240,HAS_PAGE,240
R_DOC_PAGE_0241,DOC_WHO_2003,P_0241,HAS_PAGE,241
R_DOC_PAGE_0242,DOC_WHO_2003,P_0242,HAS_PAGE,242
R_DOC_PAGE_0243,DOC_WHO_2003,P_0243,HAS_PAGE,243
R_DOC_PAGE_0244,DOC_WHO_2003,P_0244,HAS_PAGE,244
R_DOC_PAGE_0245,DOC_WHO_2003,P_0245,HAS_PAGE,245
R_DOC_PAGE_0246,DOC_WHO_2003,P_0246,HAS_PAGE,246
R_DOC_PAGE_0247,DOC_WHO_2003,P_0247,HAS_PAGE,247
R_DOC_PAGE_0248,DOC_WHO_2003,P_0248,HAS_PAGE,248
R_DOC_PAGE_0249,DOC_WHO_2003,P_0249,HAS_PAGE,249
R_DOC_PAGE_0250,DOC_WHO_2003,P_0250,HAS_PAGE,250
R_DOC_PAGE_0251,DOC_WHO_2003,P_0251,HAS_PAGE,251
R_DOC_PAGE_0252,DOC_WHO_2003,P_0252,HAS_PAGE,252
R_DOC_PAGE_0253,DOC_WHO_2003,P_0253,HAS_PAGE,253
R_DOC_PAGE_0254,DOC_WHO_2003,P_0254,HAS_PAGE,254
R_DOC_PAGE_0255,DOC_WHO_2003,P_0255,HAS_PAGE,255
R_DOC_PAGE_0256,DOC_WHO_2003,P_0256,HAS_PAGE,256
R_DOC_PAGE_0257,DOC_WHO_2003,P_0257,HAS_PAGE,257
R_DOC_PAGE_0258,DOC_WHO_2003,P_0258,HAS_PAGE,258
R_DOC_PAGE_0259,DOC_WHO_2003,P_0259,HAS_PAGE,259
R_DOC_PAGE_0260,DOC_WHO_2003,P_0260,HAS_PAGE,260
R_DOC_PAGE_0261,DOC_WHO_2003,P_0261,HAS_PAGE,261
R_DOC_PAGE_0262,DOC_WHO_2003,P_0262,HAS_PAGE,262
R_DOC_PAGE_0263,DOC_WHO_2003,P_0263,HAS_PAGE,263
R_DOC_PAGE_0264,DOC_WHO_2003,P_0264,HAS_PAGE,264
R_DOC_PAGE_0265,DOC_WHO_2003,P_0265,HAS_PAGE,265
R_DOC_PAGE_0266,DOC_WHO_2003,P_0266,HAS_PAGE,266
R_DOC_PAGE_0267,DOC_WHO_2003,P_0267,HAS_PAGE,267
R_DOC_PAGE_0268,DOC_WHO_2003,P_0268,HAS_PAGE,268
R_DOC_PAGE_0269,DOC_WHO_2003,P_0269,HAS_PAGE,269
R_DOC_PAGE_0270,DOC_WHO_2003,P_0270,HAS_PAGE,270
R_DOC_PAGE_0271,DOC_WHO_2003,P_0271,HAS_PAGE,271
R_DOC_PAGE_0272,DOC_WHO_2003,P_0272,HAS_PAGE,272
R_DOC_PAGE_0273,DOC_WHO_2003,P_0273,HAS_PAGE,273
R_DOC_PAGE_0274,DOC_WHO_2003,P_0274,HAS_PAGE,274
R_DOC_PAGE_0275,DOC_WHO_2003,P_0275,HAS_PAGE,275
R_DOC_PAGE_0276,DOC_WHO_2003,P_0276,HAS_PAGE,276
R_DOC_PAGE_0277,DOC_WHO_2003,P_0277,HAS_PAGE,277
R_DOC_PAGE_0278,DOC_WHO_2003,P_0278,HAS_PAGE,278
R_DOC_PAGE_0279,DOC_WHO_2003,P_0279,HAS_PAGE,279
R_DOC_PAGE_0280,DOC_WHO_2003,P_0280,HAS_PAGE,280
R_DOC_PAGE_0281,DOC_WHO_2003,P_0281,HAS_PAGE,281
R_DOC_PAGE_0282,DOC_WHO_2003,P_0282,HAS_PAGE,282
R_DOC_PAGE_0283,DOC_WHO_2003,P_0283,HAS_PAGE,283
R_DOC_PAGE_0284,DOC_WHO_2003,P_0284,HAS_PAGE,284
R_DOC_PAGE_0285,DOC_WHO_2003,P_0285,HAS_PAGE,285
R_DOC_PAGE_0286,DOC_WHO_2003,P_0286,HAS_PAGE,286
R_DOC_PAGE_0287,DOC_WHO_2003,P_0287,HAS_PAGE,287
R_DOC_PAGE_0288,DOC_WHO_2003,P_0288,HAS_PAGE,288
R_DOC_PAGE_0289,DOC_WHO_2003,P_0289,HAS_PAGE,289
R_DOC_PAGE_0290,DOC_WHO_2003,P_0290,HAS_PAGE,290
R_DOC_PAGE_0291,DOC_WHO_2003,P_0291,HAS_PAGE,291
R_DOC_PAGE_0292,DOC_WHO_2003,P_0292,HAS_PAGE,292
R_DOC_PAGE_0293,DOC_WHO_2003,P_0293,HAS_PAGE,293
R_DOC_PAGE_0294,DOC_WHO_2003,P_0294,HAS_PAGE,294
R_DOC_PAGE_0295,DOC_WHO_2003,P_0295,HAS_PAGE,295
R_DOC_PAGE_0296,DOC_WHO_2003,P_0296,HAS_PAGE,296
R_DOC_PAGE_0297,DOC_WHO_2003,P_0297,HAS_PAGE,297
R_DOC_PAGE_0298,DOC_WHO_2003,P_0298,HAS_PAGE,298
R_DOC_PAGE_0299,DOC_WHO_2003,P_0299,HAS_PAGE,299
R_DOC_PAGE_0300,DOC_WHO_2003,P_0300,HAS_PAGE,300
R_DOC_PAGE_0301,DOC_WHO_2003,P_0301,HAS_PAGE,301
R_DOC_PAGE_0302,DOC_WHO_2003,P_0302,HAS_PAGE,302
R_DOC_PAGE_0303,DOC_WHO_2003,P_0303,HAS_PAGE,303
R_DOC_PAGE_0304,DOC_WHO_2003,P_0304,HAS_PAGE,304
R_DOC_PAGE_0305,DOC_WHO_2003,P_0305,HAS_PAGE,305
R_DOC_PAGE_0306,DOC_WHO_2003,P_0306,HAS_PAGE,306
R_DOC_PAGE_0307,DOC_WHO_2003,P_0307,HAS_PAGE,307
R_DOC_PAGE_0308,DOC_WHO_2003,P_0308,HAS_PAGE,308
R_DOC_PAGE_0309,DOC_WHO_2003,P_0309,HAS_PAGE,309
R_DOC_PAGE_0310,DOC_WHO_2003,P_0310,HAS_PAGE,310
R_DOC_PAGE_0311,DOC_WHO_2003,P_0311,HAS_PAGE,311
R_DOC_PAGE_0312,DOC_WHO_2003,P_0312,HAS_PAGE,312
R_DOC_PAGE_0313,DOC_WHO_2003,P_0313,HAS_PAGE,313
R_DOC_PAGE_0314,DOC_WHO_2003,P_0314,HAS_PAGE,314
R_DOC_PAGE_0315,DOC_WHO_2003,P_0315,HAS_PAGE,315
R_DOC_PAGE_0316,DOC_WHO_2003,P_0316,HAS_PAGE,316
R_DOC_PAGE_0317,DOC_WHO_2003,P_0317,HAS_PAGE,317
R_DOC_PAGE_0318,DOC_WHO_2003,P_0318,HAS_PAGE,318
R_DOC_PAGE_0319,DOC_WHO_2003,P_0319,HAS_PAGE,319
R_DOC_PAGE_0320,DOC_WHO_2003,P_0320,HAS_PAGE,320
R_DOC_PAGE_0321,DOC_WHO_2003,P_0321,HAS_PAGE,321
R_DOC_PAGE_0322,DOC_WHO_2003,P_0322,HAS_PAGE,322
R_DOC_PAGE_0323,DOC_WHO_2003,P_0323,HAS_PAGE,323
R_DOC_PAGE_0324,DOC_WHO_2003,P_0324,HAS_PAGE,324
R_DOC_PAGE_0325,DOC_WHO_2003,P_0325,HAS_PAGE,325
R_DOC_PAGE_0326,DOC_WHO_2003,P_0326,HAS_PAGE,326
R_DOC_PAGE_0327,DOC_WHO_2003,P_0327,HAS_PAGE,327
R_DOC_PAGE_0328,DOC_WHO_2003,P_0328,HAS_PAGE,328
R_DOC_PAGE_0329,DOC_WHO_2003,P_0329,HAS_PAGE,329
R_DOC_PAGE_0330,DOC_WHO_2003,P_0330,HAS_PAGE,330
R_DOC_PAGE_0331,DOC_WHO_2003,P_0331,HAS_PAGE,331
R_DOC_PAGE_0332,DOC_WHO_2003,P_0332,HAS_PAGE,332
R_DOC_PAGE_0333,DOC_WHO_2003,P_0333,HAS_PAGE,333
R_DOC_PAGE_0334,DOC_WHO_2003,P_0334,HAS_PAGE,334
R_DOC_PAGE_0335,DOC_WHO_2003,P_0335,HAS_PAGE,335
R_DOC_PAGE_0336,DOC_WHO_2003,P_0336,HAS_PAGE,336
R_DOC_PAGE_0337,DOC_WHO_2003,P_0337,HAS_PAGE,337
R_DOC_PAGE_0338,DOC_WHO_2003,P_0338,HAS_PAGE,338
R_DOC_PAGE_0339,DOC_WHO_2003,P_0339,HAS_PAGE,339
R_DOC_PAGE_0340,DOC_WHO_2003,P_0340,HAS_PAGE,340
R_DOC_PAGE_0341,DOC_WHO_2003,P_0341,HAS_PAGE,341
R_DOC_PAGE_0342,DOC_WHO_2003,P_0342,HAS_PAGE,342
R_DOC_PAGE_0343,DOC_WHO_2003,P_0343,HAS_PAGE,343
R_DOC_PAGE_0344,DOC_WHO_2003,P_0344,HAS_PAGE,344
R_DOC_PAGE_0345,DOC_WHO_2003,P_0345,HAS_PAGE,345
R_DOC_PAGE_0346,DOC_WHO_2003,P_0346,HAS_PAGE,346
R_DOC_PAGE_0347,DOC_WHO_2003,P_0347,HAS_PAGE,347
R_DOC_PAGE_0348,DOC_WHO_2003,P_0348,HAS_PAGE,348
R_DOC_PAGE_0349,DOC_WHO_2003,P_0349,HAS_PAGE,349
R_DOC_PAGE_0350,DOC_WHO_2003,P_0350,HAS_PAGE,350
R_DOC_PAGE_0351,DOC_WHO_2003,P_0351,HAS_PAGE,351
R_DOC_PAGE_0352,DOC_WHO_2003,P_0352,HAS_PAGE,352
R_DOC_PAGE_0353,DOC_WHO_2003,P_0353,HAS_PAGE,353
R_DOC_PAGE_0354,DOC_WHO_2003,P_0354,HAS_PAGE,354
R_DOC_PAGE_0355,DOC_WHO_2003,P_0355,HAS_PAGE,355
R_DOC_PAGE_0356,DOC_WHO_2003,P_0356,HAS_PAGE,356
R_DOC_PAGE_0357,DOC_WHO_2003,P_0357,HAS_PAGE,357
R_DOC_PAGE_0358,DOC_WHO_2003,P_0358,HAS_PAGE,358
R_DOC_PAGE_0359,DOC_WHO_2003,P_0359,HAS_PAGE,359
R_DOC_PAGE_0360,DOC_WHO_2003,P_0360,HAS_PAGE,360
R_DOC_PAGE_0361,DOC_WHO_2003,P_0361,HAS_PAGE,361
R_DOC_PAGE_0362,DOC_WHO_2003,P_0362,HAS_PAGE,362
R_DOC_PAGE_0363,DOC_WHO_2003,P_0363,HAS_PAGE,363
R_DOC_PAGE_0364,DOC_WHO_2003,P_0364,HAS_PAGE,364
R_DOC_PAGE_0365,DOC_WHO_2003,P_0365,HAS_PAGE,365
R_DOC_PAGE_0366,DOC_WHO_2003,P_0366,HAS_PAGE,366
R_DOC_PAGE_0367,DOC_WHO_2003,P_0367,HAS_PAGE,367
R_DOC_PAGE_0368,DOC_WHO_2003,P_0368,HAS_PAGE,368
R_DOC_PAGE_0369,DOC_WHO_2003,P_0369,HAS_PAGE,369
R_DOC_PAGE_0370,DOC_WHO_2003,P_0370,HAS_PAGE,370
R_DOC_PAGE_0371,DOC_WHO_2003,P_0371,HAS_PAGE,371
R_DOC_PAGE_0372,DOC_WHO_2003,P_0372,HAS_PAGE,372
R_DOC_PAGE_0373,DOC_WHO_2003,P_0373,HAS_PAGE,373
R_DOC_PAGE_0374,DOC_WHO_2003,P_0374,HAS_PAGE,374
R_DOC_PAGE_0375,DOC_WHO_2003,P_0375,HAS_PAGE,375
R_DOC_PAGE_0376,DOC_WHO_2003,P_0376,HAS_PAGE,376
R_DOC_PAGE_0377,DOC_WHO_2003,P_0377,HAS_PAGE,377
R_DOC_PAGE_0378,DOC_WHO_2003,P_0378,HAS_PAGE,378
R_DOC_PAGE_0379,DOC_WHO_2003,P_0379,HAS_PAGE,379
R_DOC_PAGE_0380,DOC_WHO_2003,P_0380,HAS_PAGE,380
R_DOC_PAGE_0381,DOC_WHO_2003,P_0381,HAS_PAGE,381
R_DOC_PAGE_0382,DOC_WHO_2003,P_0382,HAS_PAGE,382
R_DOC_PAGE_0383,DOC_WHO_2003,P_0383,HAS_PAGE,383
R_DOC_PAGE_0384,DOC_WHO_2003,P_0384,HAS_PAGE,384
R_DOC_PAGE_0385,DOC_WHO_2003,P_0385,HAS_PAGE,385
R_DOC_PAGE_0386,DOC_WHO_2003,P_0386,HAS_PAGE,386
R_DOC_PAGE_0387,DOC_WHO_2003,P_0387,HAS_PAGE,387
R_DOC_PAGE_0388,DOC_WHO_2003,P_0388,HAS_PAGE,388
R_DOC_PAGE_0389,DOC_WHO_2003,P_0389,HAS_PAGE,389
R_DOC_PAGE_0390,DOC_WHO_2003,P_0390,HAS_PAGE,390
R_DOC_PAGE_0391,DOC_WHO_2003,P_0391,HAS_PAGE,391
R_DOC_PAGE_0392,DOC_WHO_2003,P_0392,HAS_PAGE,392
R_DOC_PAGE_0393,DOC_WHO_2003,P_0393,HAS_PAGE,393
R_DOC_PAGE_0394,DOC_WHO_2003,P_0394,HAS_PAGE,394
R_DOC_PAGE_0395,DOC_WHO_2003,P_0395,HAS_PAGE,395
R_DOC_PAGE_0396,DOC_WHO_2003,P_0396,HAS_PAGE,396
R_DOC_PAGE_0397,DOC_WHO_2003,P_0397,HAS_PAGE,397
R_DOC_PAGE_0398,DOC_WHO_2003,P_0398,HAS_PAGE,398
